public_food_key,classification,food_name,food_description,protein_g_per_100g,carbohydrate_g_per_100g,fat_g_per_100g,fibre_g_per_100g
F000002,15202,"Abalone, black lip, aquacultured, raw",Uncooked greyish-brown flesh of a single-shelled mollusc which is characterised by a black ring surrounding the flesh. Aquacultured.,16.2,1.6,0.8,0
F000003,15202,"Abalone, black lip, wild, raw",Uncooked greyish-brown flesh of a single-shelled mollusc which is characterised by a black ring surrounding the flesh. Wild caught.,19.4,1.6,0.6,0
F000004,15202,"Abalone, brown lip, wild, raw",Uncooked greyish-brown flesh of a single-shelled mollusc which is characterised by a brown ring surrounding the flesh. Wild caught.,17.8,1.6,0.6,0
F000005,15202,"Abalone, green lip, aquacultured, raw",Uncooked greyish-brown flesh of a single-shelled mollusc which is characterised by a green ring surrounding the flesh. Aquacultured.,17.1,1.6,0.8,0
F000006,15202,"Abalone, green lip, wild, raw",Uncooked greyish-brown flesh of a single-shelled mollusc which is characterised by a green ring surrounding the flesh. Wild caught.,18.7,1.6,0.5,0
F000050,29301,"Alcoholic beverage, spirit, ~30% v/v, all (Brandy, Gin, Rum, Vodka and Whisky), cooked","Includes beverages obtained from the distillation of wine or fermented sugar, cereals or potatoes, or the fermented preparation of grapes or grape products, that has been heated until a large proportion of alcohol has evaporated.",0,0.3,0,0
F000051,29301,"Alcoholic beverage, spirit, ~40% v/v, all (Brandy, Gin, Rum, Vodka and Whisky)","Includes beverages obtained from the distillation of wine or fermented sugar, cereals or potatoes, or the fermented preparation of grapes or grape products.",0,0.1,0,0
F000061,12101,"Amaranth, grain, whole, uncooked","Very small, round grains, with a light sandy/beige colour.",15.2,55.6,6.4,11.1
F000074,15401,"Anchovy, canned in oil, drained","Anchovy fillets preserved by canning in edible oil (including olive and soy oils) and salt, then drained.",25.4,0,8.9,0
F000086,16101,"Apple, bonza, unpeeled, raw",Round shaped fruit with red skin and cream coloured flesh.,0.3,12,0.3,3.2
F000089,16802,"Apple, dried","Round shaped fruit with either a green or red waxy skin and cream/white coloured flesh. Peeled, cut (into rings or diced) and dried before packaging.",1.2,60.4,0,8.5
F000091,16101,"Apple, fuji, unpeeled, raw",Round shaped fruit with red skin and cream coloured flesh.,0.3,12.5,0.3,2.4
F000092,16101,"Apple, golden delicious, unpeeled, raw",Round shaped fruit with golden green skin and cream coloured flesh.,0.3,11.8,0,2.4
F000095,16101,"Apple, granny-smith, unpeeled, raw",Round shaped fruit with green skin and cream/white coloured flesh.,0.3,11,0,2.5
F000098,16101,"Apple, green skin, unpeeled, raw",Round shaped fruit with green/golden skin and cream/white flesh. Unpeeled. Includes Granny Smith and Golden Delicious varieties.,0.3,11.4,0,2.5
F000099,16101,"Apple, jonathan, unpeeled, raw",Round shaped fruit with red skin and cream/white coloured flesh.,0.3,12.3,0,2.3
F000105,16101,"Apple, pink lady, unpeeled, raw",Round shaped fruit with pink/red skin and cream coloured flesh.,0.2,12.8,0,3
F000107,16101,"Apple, red delicious, unpeeled, raw",Round shaped fruit with red skin and cream coloured flesh.,0.3,13.8,0,2.3
F000108,16101,"Apple, red skin, peeled, raw","Fresh peeled red skinned apples including pink lady, red delicious, royal gala and fuji varieties.",0.2,13.6,0,1.8
F000110,16101,"Apple, red skin, unpeeled, raw","Round shaped fruit with red/pink skin and cream/white flesh. Includes varieties such as pink lady, red delicious, royal gala, fuji, jonathan and bonza.",0.2,13.1,0,2.5
F000111,16101,"Apple, royal gala, unpeeled, raw",Round shaped fruit with red skin and cream coloured flesh.,0.4,12.1,0,2.1
F000122,16404,"Apricot, canned in pear juice","Small, orange-coloured stone fruit canned in pear juice.",0.8,9.6,0,1.8
F000123,16404,"Apricot, canned in pear juice, drained","Small, orange-coloured stone fruit canned in pear juice, then drained.",1,8.9,0,3.1
F000124,16404,"Apricot, canned in pear juice, juice only",Pear juice from canned apricots.,0.5,10.5,0,0
F000130,16802,"Apricot, dried","Small, orange-coloured stone fruit dried prior to packaging. May be treated to prevent browning.",4.2,48.4,0.4,8.3
F000134,16403,"Apricot, raw","Small, orange coloured stone fruit.",0.2,7.3,0.4,1.8
F000141,24402,"Artichoke heart, canned in brine, drained","Central edible portion of the unopened flower bud, with tightly wrapped leaves gold-green to purple in colour. Canned in brine, then drained.",1.9,1.2,0.3,4.7
F000142,24402,"Artichoke, globe, boiled, drained","The unopened flower bud of a thistle with gold-green to purple coloured leaves surrounding a hairy inedible choke, on top of an edible heart. Round to conical in shape. Lower leaves and heart boiled in unsalted water without added fat, then drained.",3.3,1.5,0.2,9.5
F000144,24402,"Artichoke, globe, raw","The unopened flower bud of a thistle with gold-green to purple coloured leaves surrounding a hairy inedible choke, on top of an edible heart. Round to conical in shape. Edible portion comprises lower part of leaves and heart. Uncooked.",2.8,1.3,0.2,8.1
F000145,24402,"Artichoke, jerusalem, peeled, boiled, drained","Yellow-beige tuber or root with short knobbly, club shaped branches. Peeled and boiled in unsalted water without added fat, then drained.",2.2,11.3,0.1,3.2
F000146,24402,"Artichoke, jerusalem, peeled, raw","Yellow-beige tuber or root with short knobbly, club shaped branches. Uncooked and peeled.",2.1,10.5,0.1,3
F000149,24402,"Asparagus, canned in brine, drained","Long crisp green stem with a fragile feathery tip cut into pieces, canned in brine, then drained.",1.9,1.5,0.1,3.9
F000151,24402,"Asparagus, green, boiled, drained","Long crisp green stem with a fragile feathery tip, boiled in unsalted water without added fat, then drained.",2.9,1.6,0.1,2.5
F000153,24402,"Asparagus, green, fresh or frozen, baked, roasted, stir-fried or fried, grilled or BBQ'd, no added fat","Long crisp green stem with a fragile feathery tip, baked, roasted, stir-fried or fried, grilled or BBQ'd without added fat.",3,1.7,0.1,2.6
F000155,24402,"Asparagus, green, raw",Long crisp green stem with a fragile feathery tip. Uncooked.,2.5,1.4,0.1,2.2
F000162,24705,"Avocado, hass, raw","Almost pear shaped, with a green to black shiny skin and a delicate yellow flesh with a green outer hue. Uncooked.",1.6,2.2,14.6,5.9
F000223,18601,"Bacon, middle rasher, separable fat, fried, no added fat","Cured, smoked and cooked pork middle rasher containing salt, sugar, mineral salts, antioxidant, nitrite and water. Fat portion only. Fried with no added fat.",11.6,0.4,81.1,0
F000224,18601,"Bacon, middle rasher, separable lean, fried, no added fat","Cured, smoked and cooked pork middle rasher containing salt, sugar, mineral salts, antioxidant, nitrite and water. All internal and external fat of the rasher removed. Cooked by frying with no added fat.",31.2,0.8,8.5,0
F000227,18601,"Bacon, middle rasher, untrimmed, baked, roasted, fried, grilled or BBQ'd, no added fat","Cured, smoked and cooked pork middle rasher containing salt, sugar, mineral salts, antioxidant, nitrite and water. Cooked by baking, roasting, frying, stir-fried, grilling or BBQ'ing without added fat.",20.6,0.3,37.6,0
F000228,18601,"Bacon, middle rasher, untrimmed, raw","Cured, smoked and cooked pork middle rasher containing salt, sugar, mineral salts, antioxidant, nitrite and water. All internal and external fat of the rasher maintained.",15.4,0.2,28.2,0
F000231,18601,"Bacon, shortcut, as purchased without rind, fried, no added fat","Cured, smoked and cooked pork shortcut rasher containing salt, sugar, mineral salts, antioxidant, nitrite and water. Fat portion and rind of rasher removed.",30.4,0.9,13.9,0
F000233,12201,"Bagel, from white flour, commercial",A ring of baked yeast dough with a chewy centre and a crusty outside. It is typically 8-10cm in diameter. Usually poached in water or steamed before being baked. Contains added folic acid and iodised salt. Ready to eat.,10.4,50.7,1.4,3.1
F000234,12201,"Bagel, from white flour, commercial, toasted",A ring of baked yeast dough with a chewy centre and a crusty outside. It is typically 8-10cm in diameter. Usually poached in water or steamed before being baked. Contains added folic acid and iodised salt. Cooked by toasting after purchase.,11.8,57.6,1.6,3.5
F000243,25201,"Baked beans, canned in tomato sauce","Navy/haricot beans canned in tomato sauce. Contains added salt, sugar, food acids, maize thickener and flavour.",4.8,13,0.3,4.8
F000244,25201,"Baked beans, canned in tomato sauce, reduced salt","Navy/haricot beans canned in tomato sauce, formulated to have a reduced salt content. Contains added salt, sugar, food acids, maize thickener and flavour.",4.8,13,0.3,4.8
F000247,31501,"Baking powder, dry powder","Fine white powder used to chemically leaven baked goods such as cakes. Composed of 50% cream of tartar, 25% baking soda, and 25% starch.",0.8,19.8,0.3,0.4
F000248,31501,"Baking soda (bicarbonate), dry powder",Fine white powder used to chemically leaven baked goods such as cakes.,0,0,0,0
F000253,24402,"Bamboo shoot, canned in water, heated, drained","Tender young shoots of an edible bamboo plant, cream in colour with a fibrous texture. Sliced and canned in water. Heated in own juice, then drained.",0.8,1.3,0,2.8
F000257,16802,Banana chip,"Dried, thinly sliced banana product that is sometimes fried in oil and coated with a sugary film.",2.3,50.7,33.6,7.7
F000262,16502,"Banana, cavendish, peeled, raw",Long cylindrical fruit with thick yellow skin and cream-coloured flesh.,1.4,19.9,0.2,2.2
F000267,16502,"Banana, lady finger or sugar, peeled, raw",Medium sized cylindrical fruit with a thick yellow skin and cream coloured flesh. Also known as sugar banana.,1,26.9,0,3
F000279,28102,"Bar, cherry & coconut centre, dark chocolate-coated",A cherry and coconut flavoured snack bar coated in a layer of dark chocolate.,4.4,52.6,22.4,4.7
F000285,28102,"Bar, coconut cream centre, milk chocolate-coated",Chocolate-coated bar with coconut cream centre.,4.5,52.1,22.4,7.4
F000296,28103,"Bar, honeycomb centre, milk chocolate-coated",Chocolate-coated bar with honeycomb centre.,2.6,70,16.2,0.3
F000333,28301,"Bar, muesli, plain or with dried fruit","Snack style product whose major ingredients include rolled oats, sugars and vegetable oils, and generally have added dried fruits (typically apricot, sultana and apple).",8.3,59.2,11.5,7
F000337,28301,"Bar, muesli, plain or with dried fruit, chocolate-coated","Snack style bar whose major ingredients include rolled oats, sugars, vegetable oil, puffed rice, dried fruit or fruit juice, nuts and seeds. The bar is covered or topped with chocolate.",6.1,64.1,11.5,6.4
F000344,28301,"Bar, muesli, with nuts","Snack style product whose major ingredients include rolled oats, sugars, vegetable oils and nuts (typically cashews, almonds, pecans or macadamias).",9.4,54.2,19.9,6.8
F000348,28103,"Bar, nougat & caramel centre, milk chocolate-coated",Chocolate-coated bar with nougat and caramel centre.,3.4,68.9,15.9,1.4
F000368,28302,"Bar, snack, fruit filled, baked","Snack style product with a fruit-based filling covered in a wheat-based pastry-like layer. Major ingredients include fruit filling (glucose, fruit, thickeners, food acid and flavours), wheat and oats and vegetable fats and oils.",3.9,71.1,3,4.5
F000372,28103,"Bar, wafer & cream layers, chocolate-coated",Chocolate bar consisting of a wafer and cream centre with a chocolate coating.,6.2,59.7,27.2,1.9
F000378,12101,"Barley, pearl, boiled, no added fat or salt","Grain that has had the bran removed, then is steamed and polished. Prepared by boiling in unsalted water until tender without the addition of fat or salt.",4.1,25.1,1.3,5.4
F000379,12101,"Barley, pearl, uncooked","Grain that has had the bran removed, then is steamed and polished. Uncooked.",9.9,60.6,3.1,13.1
F000385,15101,"Barramundi, aquacultured, fillet, grilled, no added fat","Barramundi with or without skin, cooked by baking, roasting, frying, grilling or BBQ'ing without added fat.",26.4,0,7.3,0
F000386,15101,"Barramundi, aquacultured, fillet, raw","Uncooked barramundi fillet, produced under aquaculture and imported into Australia.",19.2,0,5.3,0
F000387,15101,"Barramundi, aquacultured, fillet, steamed with no added fat","Barramundi with or without skin, cooked by boiling, microwaving, steaming or poaching, without added fat.",22.9,0,6.3,0
F000396,24403,"Basil, green, fresh, raw","Large, green, oval-shaped, pointed leaves, with a distinct sweet smell and taste. Uncooked.",2.6,0.2,0.5,3.3
F000401,15101,"Bassa (basa), fillet, baked, no added fat","Bassa (basa) fillet, produced by aquaculture and imported into Australia, that has been baked with no added fat.",21.5,0,2.4,0
F000402,15101,"Bassa (basa), fillet, raw","Uncooked bassa (basa) fillet, produced by aquaculture and imported into Australia.",15.7,0,1.8,0
F000403,15101,"Bassa (basa), fillet, steamed, no added fat","Bassa (basa) with or without skin, cooked by boiling, microwaving, steaming or poaching, without added fat.",18.7,0,2.1,0
F000416,24502,"Bean, broad, dried","Fresh seed, generally green in colour, removed from its pod. Uncooked.",24.3,37,2.1,18.6
F000418,24502,"Bean, broad, fresh, boiled, drained","Fresh seed, generally green in colour, removed from its pod and boiled in unsalted water without added fat, then drained. Outer seed skin not removed.",7.4,2.4,0.5,7.6
F000419,24502,"Bean, broad, fresh, raw","Fresh seed, generally green in colour, removed from its pod. Uncooked.",6.9,2.2,0.5,7.1
F000421,24502,"Bean, butter, fresh, boiled, drained","Fresh seed and its pod, both of which are generally creamy yellow in colour, boiled in unsalted water without added fat, then drained.",2.5,2.5,0.2,2.5
F000422,24502,"Bean, butter, fresh, raw","Fresh seed and its pod, both of which are generally creamy yellow in colour. Uncooked.",2.3,2.3,0.2,2.3
F000428,24502,"Bean, green, fresh, cooked, no added fat","Long, thin, green, crisp pod with small round smooth seeds inside. Cooked by baking, roasting, frying, stir-frying, grilling or BBQ'ing without added fat.",2.1,3.9,0,3.2
F000430,24502,"Bean, green, fresh, boiled, drained","Long, thin, green, crisp pod with small round smooth seeds inside. Trimmed, sliced, and boiled in unsalted water without added fat, then drained.",1.9,3.5,0,3
F000431,24502,"Bean, green, fresh, raw","Long, thin, green, crisp pod with small, round, smooth seeds inside. Uncooked.",1.8,3.3,0,2.8
F000434,24502,"Bean, green, frozen, boiled, drained","Long, thin, green, crisp pod with small round smooth seeds inside sliced and commercially packaged frozen. Boiled at home in unsalted water without added fat, then drained.",1.4,2.8,0.2,3.8
F000436,25101,"Bean, haricot, dried","Small white bean, round to oval in shape. Dried and uncooked.",21.9,34.8,2.2,18.5
F000437,25101,"Bean, haricot, dried, boiled, drained","Small white beans, round to oval in shape that have been dried, then soaked overnight, before boiling in unsalted water and drained.",8.2,12.6,0.7,8.8
F000441,25101,"Bean, lima, dried","Flat kidney shaped bean which can be white or green, large or small. Dried and uncooked. Popularly called butter bean. Produced in USA, South America and Madagascar, imported into Australia.",21.4,40.6,1.7,17.7
F000442,25101,"Bean, lima, dried, boiled, drained","Flat kidney shaped bean can be white or green, large or small that have been dried, then soaked in water before boiling in unsalted water and draining. Slightly sweet flavour when cooked. Popularly called butter bean. Produced in USA, South America and Madagascar, imported into Australia.",6.4,10.2,0.3,5.3
F000446,24502,"Bean, mung, whole, dried, uncooked","Small, squarish, dark green beans. Whole, uncooked.",24.5,41.9,2,13.7
F000448,25102,"Bean, red kidney, canned, drained","Kidney shaped bean either elongated or plump in shape ranging in colour from dusky pink to deep red, canned in sweetened brine, then drained.",6.6,14,0.6,6.5
F000449,25101,"Bean, red kidney, dried",Kidney shaped bean either elongated or plump in shape ranging in colour from dusky pink to deep red. Dried and uncooked.,22.5,35.6,1.8,21.5
F000451,25101,"Bean, red kidney, dried, boiled, drained","Kidney shaped bean either elongated or plump in shape ranging in colour from dusky pink to deep red that have been dried, then soaked in water overnight before boiling in unsalted water and draining.",7.9,9.1,0.5,7.2
F000452,24502,"Bean, red kidney, fresh, boiled, drained","Fresh seeds, generally red in colour, removed from their pod, boiled in unsalted water without added fat, then drained.",13.8,15.8,0.4,9.8
F000453,24502,"Bean, red kidney, fresh, raw","Fresh seed, generally red in colour, removed from its pod. Uncooked.",12.8,14.7,0.4,9.1
F000458,25101,"Bean, soya (soy), dried","Small oval shaped, creamy yellow coloured beans with a floury texture from the pod of soybean plant.",31.3,12.5,20.2,20.1
F000459,25101,"Bean, soya (soy), dried, boiled, drained","Small oval shaped, creamy yellow coloured beans with a floury texture from the pod of soybean plant. Dried beans soaked, then cooked by boiling in unsalted water and draining, by microwaving, or by steaming.",13.5,1.4,7.7,7.2
F000472,18101,"Beef, all cuts, separable fat, cooked, no added fat","Cooked internal and external separable fat from 13 different cuts of beef from various regions of the carcase. Oven roasted or grilled as purchased, still attached to the lean muscle meat, with no added fat to an internal temperature of 70 degrees celsius or until 'medium', then dissected.",15.3,0,55.6,0
F000473,18101,"Beef, all cuts, separable fat, raw",Raw internal and external separable fat from 13 different cuts of beef from various regions of the carcase.,12.1,0,61.4,0
F000513,18101,"Beef, casserole meat, boneless or bone-in, shin, lean, casseroled, no added fat",Boneless cooked beef from the shin (or leg) of the carcase. Lean muscle meat only. All possible internal and external separable fat removed after cooking.,33.8,0,2.8,0.5
F000514,18101,"Beef, casserole meat, boneless or bone-in, shin, lean, raw",Boneless raw beef from the shin (or leg) of the carcase. Lean muscle meat only. All possible internal and external separable fat removed.,21.9,0,0.6,0
F000517,18101,"Beef, casserole meat, boneless or bone-in, shin, untrimmed, casseroled, no added fat",Cooked beef from the shin (or leg) of the carcase. Lean muscle meat with internal fat and external fat attached.,30.6,0,11.8,0.4
F000518,18101,"Beef, casserole meat, boneless or bone-in, shin, untrimmed, raw",Raw beef from the shin (or leg) of the carcase. Lean muscle meat with internal and external fat attached.,21.3,0,4.2,0
F000522,18101,"Beef, casserole meat, boneless, chuck, lean, casseroled, no added fat","Cooked beef from the fore portion of the carcase. Browned, simmered in minimal water for 2 hours then drained. Lean muscle meat only, with all possible internal and external separable fat removed after cooking.",33,0,10.6,0
F000523,18101,"Beef, casserole meat, boneless, chuck, lean, raw","Raw beef from the fore portion of the carcase. Lean muscle meat only, with all possible internal and external separable fat removed.",23,0,3.4,0
F000526,18101,"Beef, casserole meat, boneless, chuck, untrimmed, casseroled, no added fat","Cooked beef from the fore portion of the carcase. Browned, simmered in minimal water for 2 hours then drained, without added fat. Lean muscle meat with all internal and external fat attached.",31.2,0,15.1,0
F000527,18101,"Beef, casserole meat, boneless, chuck, untrimmed, raw",Raw beef from the fore portion of the carcase. Lean muscle meat with all internal and external fat attached.,21.7,0,10.4,0
F000544,18606,"Beef, corned, canned","Canned processed meat product containing cooked beef, salt, sugar, sodium nitrite and water.",21.5,0.3,15.7,0.7
F000559,18101,"Beef, diced, lean, casseroled, no added fat","Cooked beef, purchased diced and likely to be from various regions of the carcase. Casseroled with no added fat. Lean muscle meat only, with all possible internal and external separable fat removed after cooking.",36.5,0,3.5,0
F000560,18101,"Beef, diced, lean, dry-fried, no added fat","Cooked beef, purchased diced and likely to be from various regions of the carcase. Fried for 3-5 minutes with no added fat. Lean muscle meat only, with all possible internal and external separable fat removed after cooking.",32.1,0,2.9,0
F000561,18101,"Beef, diced, lean, raw","Raw beef, purchased diced and likely to be from various regions of the carcase. Lean muscle meat only, with all possible internal and external separable fat removed.",27.9,0,2.7,0
F000562,18101,"Beef, diced, untrimmed, casseroled, no added fat","Cooked beef, purchased diced and likely to be from various regions of the carcase. Casseroled with no added fat. Lean muscle meat with all internal and external separable fat attached.",36.2,0,4.3,0
F000563,18101,"Beef, diced, untrimmed, dry-fried, no added fat","Cooked beef, purchased diced and likely to be from various regions of the carcase. Fried for 3-5 minutes with no added fat. Lean muscle meat with internal and external fat attached.",31.8,0,3.7,0
F000564,18101,"Beef, diced, untrimmed, raw","Raw beef, purchased diced and likely to be from various regions of the carcase. Lean muscle meat with internal and external fat attached.",27.6,0,3.9,0
F000655,18101,"Beef, mince, higher fat, raw",Raw minced beef supplied with a fat content greater than 10%.,22.5,0,10.4,0
F000656,18101,"Beef, mince, higher fat, stir-fried, no added fat",Minced beef supplied with a fat content greater than 10% when raw. Fried with no added fat.,27.6,0,13.5,0
F000666,18101,"Beef, mince, lower fat, raw","Raw minced beef supplied with a fat content less than 5%. Commonly includes minced beef labelled as lean, heart smart, five star or ultra fine.",22.9,0,4.1,0
F000667,18101,"Beef, mince, lower fat, stir-fried, no added fat",Minced beef supplied with a fat content less than 5% when raw. Fried with no added fat.,32.3,0,8.1,0
F000678,18101,"Beef, mince, regular fat, raw",Raw minced beef supplied with a fat content between 5-10%.,22.4,0,8.9,0
F000679,18101,"Beef, mince, regular fat, stir-fried, no added fat",Minced beef supplied with a fat content between 5-10% when raw. Fried with no added fat.,29.5,0,16.4,0
F000738,18101,"Beef, rump steak, lean, grilled, no added fat","Cooked beef from the hind portion of the carcase. Grilled for 6-10 minutes until 'medium' with no added fat. Lean muscle meat only, with all possible internal and external separable fat removed after cooking.",32,0,4.5,0
F000739,18101,"Beef, rump steak, lean, raw","Raw beef from the hind portion of the carcase. Lean muscle meat only, with all possible internal and external separable fat removed.",20.4,0,2.8,0
F000764,18101,"Beef, rump steak, untrimmed, grilled, no added fat",Cooked beef from the hind portion of the carcase. Grilled for 6-10 minutes until 'medium' with no added fat. Lean muscle meat with internal and external fat attached.,29.9,0,10.8,0
F000765,18101,"Beef, rump steak, untrimmed, raw",Raw beef from the hind portion of the carcase. Lean muscle meat with internal fat. Majority of external fat removed.,20,0,5.6,0
F000792,18101,"Beef, silverside roast, lean, raw","Raw beef from the hind portion of the carcase. Lean muscle meat only, with all possible internal and external separable fat removed.",24.1,0,2.3,0
F000793,18101,"Beef, silverside roast, lean, roasted, no added fat","Cooked beef from the hind portion of the carcase. Oven baked to an internal temperature of 70 degrees celsius with no added fat. Lean muscle meat only, with all possible internal and external separable fat removed after cooking.",26.9,0,5.6,0
F000798,18101,"Beef, silverside roast, untrimmed, raw",Raw beef from the hind portion of the carcase. Lean muscle meat with internal and external fat attached.,22.8,0,8.7,0
F000799,18101,"Beef, silverside roast, untrimmed, roasted, no added fat",Cooked beef from the hind portion of the carcase. Oven baked to an internal temperature of 70 degrees celsius with no added fat. Lean muscle meat with internal and external fat attached.,26,0,9.6,0
F000809,18101,"Beef, sirloin steak, lean, grilled, no added fat","Cooked beef from the midsection of the carcase. Grilled for 6-10 minutes until 'medium' with no added fat. Lean muscle meat only, with all possible internal and external separable fat removed after cooking.",30.5,0,3.8,0
F000810,18101,"Beef, sirloin steak, lean, raw","Raw beef from the midsection of the carcase. Lean muscle meat only, with all possible internal and external separable fat removed.",24.1,0,1.9,0
F000824,18101,"Beef, sirloin steak, untrimmed, grilled, no added fat",Cooked beef from the midsection of the carcase. Grilled for 6-10 minutes until 'medium' with no added fat. Lean muscle meat with internal and external fat attached.,27.3,0,14.7,0
F000825,18101,"Beef, sirloin steak, untrimmed, raw",Raw beef from the midsection of the carcase. Lean muscle meat with internal fat. Majority of external fat removed.,23.4,0,5.4,0
F000826,18101,"Beef, steak, boneless or bone-in, blade, lean, raw","Raw beef from the fore portion of the carcase. Lean muscle meat only, with all possible internal and external separable fat removed.",22.2,0,2.6,0
F000828,18101,"Beef, steak, boneless or bone-in, blade, untrimmed, raw",Raw beef from the fore portion of the carcase. Lean muscle meat with internal and external fat attached.,21,0,9.5,0
F000835,18101,"Beef, steak, boneless, fillet or tenderloin, lean, grilled, no added fat","Cooked beef from the midsection of the carcase. Grilled for 6-10 minutes until 'medium' with no added fat. Lean muscle meat only, with all possible internal and external separable fat removed after cooking.",31.9,0,5.5,0
F000836,18101,"Beef, steak, boneless, fillet or tenderloin, lean, raw","Raw beef from the midsection of the carcase. Lean muscle meat only, with all possible internal and external separable fat removed.",22.2,0,5.2,0
F000838,18101,"Beef, steak, boneless, fillet or tenderloin, untrimmed, grilled, no added fat",Cooked beef from the midsection of the carcase. Grilled for 6-10 minutes until 'medium' with no added fat. Lean muscle meat with internal and external fat attached.,30.8,0,8.8,0
F000839,18101,"Beef, steak, boneless, fillet or tenderloin, untrimmed, raw",Raw beef from the midsection of the carcase. Lean muscle meat with internal and external fat attached.,21.4,0,9.3,0
F000840,18101,"Beef, steak, boneless, round, lean, grilled, no added fat","Cooked beef from the hind portion of the carcase. Grilled for 6-10 minutes until 'medium' with no added fat. Lean muscle meat only, with all possible internal and external separable fat removed after cooking.",31.8,0,2,0
F000841,18101,"Beef, steak, boneless, round, lean, raw","Raw beef from the hind portion of the carcase. Lean muscle meat only, with all possible internal and external separable fat removed.",21,0,1.7,0
F000844,18101,"Beef, steak, boneless, round, untrimmed, grilled, no added fat",Cooked beef from the hind portion of the carcase. Grilled for 6-10 minutes until 'medium' with no added fat. Lean muscle meat with internal and external fat attached.,31,0,4.6,0
F000845,18101,"Beef, steak, boneless, round, untrimmed, raw",Raw beef from the hind portion of the carcase. Lean muscle meat with internal and external fat attached.,20.4,0,6,0
F000846,18101,"Beef, steak, boneless, scotch fillet, lean, grilled, no added fat","Cooked beef from the fore portion of the carcase. Grilled for 6-10 minutes until 'medium' with no added fat. Lean muscle meat only, with all possible internal and external separable fat removed after cooking.",31.9,0,4.5,0
F000847,18101,"Beef, steak, boneless, scotch fillet, lean, raw","Raw beef from the fore portion of the carcase. Lean muscle meat only, with all possible internal and external separable fat removed.",23.8,0,2.8,0
F000850,18101,"Beef, steak, boneless, scotch fillet, untrimmed, grilled, no added fat",Cooked beef from the fore portion of the carcase. Grilled for 6-10 minutes until 'medium' with no added fat. Lean muscle meat with internal and external fat attached.,29.4,0,12.3,0
F000851,18101,"Beef, steak, boneless, scotch fillet, untrimmed, raw",Raw beef from the fore portion of the carcase. Lean muscle meat with internal fat. Majority of external fat removed.,22.4,0,10,0
F000877,18101,"Beef, steak, boneless or bone-in, blade, lean, grilled, no added fat","Cooked beef from the fore portion of the carcase. Grilled for 6-10 minutes until 'medium' with no added fat. Lean muscle meat only, with all possible internal and external separable fat removed after cooking.",31.9,0,2.9,0
F000879,18101,"Beef, steak, with bone, blade, untrimmed, grilled, no added fat",Cooked beef from the fore portion of the carcase. Grilled for 6-10 minutes until 'medium' with no added fat. Lean muscle meat with internal and external fat attached.,30.5,0,7.4,0
F000886,18101,"Beef, steak, with bone, T-bone, lean, grilled, no added fat","Cooked beef from the midsection of the carcase. Grilled for 6-10 minutes until 'medium' with no added fat. Lean muscle meat only, with all possible internal and external separable fat removed after cooking.",29.2,0,3.8,0
F000887,18101,"Beef, steak, with bone, T-bone, lean, raw","Raw beef from the midsection of the carcase. Lean muscle meat only, with all possible internal and external separable fat removed.",24.4,0,2,0
F000890,18101,"Beef, steak, with bone, T-bone, untrimmed, grilled, no added fat",Cooked beef from the midsection of the carcase. Grilled for 6-10 minutes until 'medium' with no added fat. Lean muscle meat with internal and external fat attached.,26.3,0,14.5,0
F000891,18101,"Beef, steak, with bone, T-bone, untrimmed, raw",Raw beef from the midsection of the carcase. Lean muscle meat with internal and external fat attached.,21.3,0,16.9,0
F000929,18101,"Beef, stir-fry strips, lean, dry-fried, no added fat","Cooked beef, purchased diced and likely to be from various regions of the carcase. Fried for 3-5 minutes with no added fat. Lean muscle meat only, with all possible internal and external separable fat removed after cooking.",30.9,0,3.2,0
F000931,18101,"Beef, stir-fry strips, lean, raw","Raw beef, purchased as strips and likely to be from various regions of the carcase. Lean muscle meat only, with all possible internal and external separable fat removed.",27.2,0,2,0
F000932,18101,"Beef, stir-fry strips, untrimmed, dry-fried, no added fat","Cooked beef, purchased as strips and likely to be from various regions of the carcase. Fried for 3-5 minutes with no added fat. Lean muscle meat with internal and external fat attached.",30.8,0,3.6,0
F000933,18101,"Beef, stir-fry strips, untrimmed, raw","Raw beef, purchased as strips and likely to be from various regions of the carcase. Lean muscle meat with internal and external fat attached.",27,0,2.7,0
F000934,18101,"Beef, strips, lean, casseroled, no added fat","Cooked beef, purchased as strips and likely to be from various regions of the carcase. Casseroled with no added fat. Lean muscle meat only, with all possible internal and external separable fat removed after cooking.",37.5,0,2.8,0
F000935,18101,"Beef, strips, untrimmed, casseroled, no added fat","Cooked beef, purchased as strips and likely to be from various regions of the carcase. Casseroled with no added fat. Lean muscle meat with all internal and external separable fat attached.",37.3,0,3.2,0
F000961,18101,"Beef, topside roast, lean, raw","Raw beef from the hind portion of the carcase. Lean muscle meat only, with all possible internal and external separable fat removed.",22.3,0,3,0
F000962,18101,"Beef, topside roast, lean, roasted, no added fat","Cooked beef from the hind portion of the carcase. Oven baked to an internal temperature of 70 degrees celsius with no added fat. Lean muscle meat only, with all possible internal and external separable fat removed after cooking.",32.7,0,2.8,0
F000966,18101,"Beef, topside roast, untrimmed, raw",Raw beef from the hind portion of the carcase. Lean muscle meat with internal and external fat attached.,21.3,0,8.6,0
F000967,18101,"Beef, topside roast, untrimmed, roasted, no added fat",Cooked beef from the midsection of the carcase. Oven baked to an internal temperature of 70 degrees celsius with no added fat. Lean muscle meat with internal and external fat attached.,31.3,0,7.1,0
F000994,29101,"Beer, full strength (alcohol 4-4.9% v/v)","Alcoholic beverage characterised by the presence of hops or preparations of hops, prepared by the yeast fermentation of an aqueous extract of malted or unmalted cereals (usually barley), using low fermentation temperatures. Alcohol content between 4-4.9% v/v alcohol.",0.4,2.3,0,0
F000995,29101,"Beer, full strength (alcohol 4-4.9% v/v), carbohydrate modified","Alcoholic beverage characterised by the presence of hops or preparations of hops, prepared by the yeast fermentation of an aqueous extract of malted or unmalted cereals (usually barley), resulting in lower final carbohydrate levels than regular beer.  Alcohol content between 4 - 4.9% v/v alcohol.",0.3,1,0,0
F000996,29101,"Beer, high alcohol (5% v/v & above)","Alcoholic beverage characterised by the presence of hops or preparations of hops, prepared by the yeast fermentation of an aqueous extract of malted or unmalted cereals (usually barley), using warm temperature fermentation. Greater than or equal to 5% v/v alcohol.",0.5,2.1,0,0
F001004,29102,"Beer, light (alcohol 1-2.9% v/v)","Alcoholic beverage characterised by the presence of hops or preparations of hops, prepared by the yeast fermentation of an aqueous extract of malted or unmalted cereals (usually barley), so as to restrict alcohol formation or to remove alcohol after fermentation. Products are described on label as Light or Lite. Alcohol content between 1- less than 3% v/v alcohol.",0.2,2.2,0,0
F001006,29102,"Beer, mid-strength (alcohol 3-3.9% v/v)","Alcoholic beverage characterised by the presence of hops or preparations of hops, prepared by the yeast fermentation of an aqueous extract of malted or unmalted cereals (usually barley), so as to restrict alcohol formation or to remove alcohol after fermentation. Products are described on label as mid strength. Alcohol content between 3-3.9% v/v alcohol.",0.3,2.2,0,0
F001010,24302,"Beetroot, canned in brine, drained","Whole or sliced beetroots that has been boiled and canned in an acidified salted brine, then drained.",1.2,8.7,0,2
F001013,24302,"Beetroot, fresh, purple, peeled, baked, no added fat",Rounded root vegetable with dark brown-purple skin and stems and purple flesh. Chopped and baked without added fat.,2.4,11.4,0.7,4.2
F001014,24302,"Beetroot, fresh, purple, peeled, boiled, drained","Rounded root vegetable with dark brown-purple skin and stems and purple flesh. Flesh boiled in unsalted water without added fat, then drained.",2.1,10,0.6,3.7
F001015,24302,"Beetroot, fresh, purple, peeled, raw",Rounded root vegetable with dark brown-purple skin and stems and purple flesh. Edible portion comprises flesh only. Uncooked.,2,9.4,0.6,3.4
F001029,11902,"Beverage base, chocolate flavour, added vitamins & minerals (Milo)","Dry beverage base used to prepare a chocolate flavoured beverage with the addition of milk. Typical ingredients include malted cereals, milk solids and cocoa. Contains added iron, calcium and vitamins B2, B3, B6, B12, C & D. Milo brand is an example of such a product.",12.4,60.1,9.9,6.8
F001032,11904,"Beverage base, chocolate flavour, unfortified (Nesquik brand)","Dry beverage base used to prepare a chocolate flavoured beverage with the addition of milk. Typical ingredients include sugar, cocoa, soy lecithin and salt. No added vitamins or minerals.",5.3,83.2,2.8,5.8
F001036,11904,"Beverage base, drinking chocolate, unfortified","Unfortified powdered mixture of sugar and cocoa or chocolate used for mixing with milk or water to produce a beverage. Other ingredients may include maltodextrin, milk solids, soy lecithin, salt, flavour.",5.6,76.3,4.8,1.5
F001064,11903,"Beverage, chocolate flavour, from drinking chocolate, with regular fat cow's milk",Beverage prepared by mixing drinking chocolate powder with regular fat cows milk.,3.5,10.2,3.5,0.1
F001068,11901,"Beverage, chocolate flavour, from Milo powder, with regular fat cow's milk",Beverage prepared by mixing milo powder with regular fat cows milk.,4.1,10.2,4,0.6
F001073,11903,"Beverage, chocolate flavour, from Nesquik powder, with regular fat cow's milk",Beverage prepared by mixing chocolate Nesquik powder with regular fat cow's milk.,3.4,9.7,3.4,0.3
F001115,13204,"Biscuit, savoury, corn cake, plain, salted","Commercially prepared, round or square, savoury dry cake, made from puffed corn and salted.",9.8,71.5,3,5.9
F001118,13202,"Biscuit, savoury, from rye flour, crispbread","A thin, flat rectangle of dry bread made predominantly from rye flour. Commercially prepared; some brands may include a proportion of wheat flour.",8.8,60.6,1.3,16.5
F001120,13201,"Biscuit, savoury, from wheat flour, crispbread, puffed & toasted","A thin, flat rectangle of puffed, toasted dry bread made from white wheat flour.",12.3,66.1,5.6,3.3
F001122,13201,"Biscuit, savoury, from white wheat flour, cheese-flavoured","Commercially prepared savoury small biscuit made from white wheat flour, with added fat and cheese flavourings.",12,56.4,24.2,2.9
F001123,13201,"Biscuit, savoury, from white wheat flour, flaky cracker style","Commercially prepared, square, plain savoury biscuit made from white wheat flour, with a flaky or layered texture.",11.5,63.6,20.7,3
F001126,13201,"Biscuit, savoury, from white wheat flour, plain snack cracker style","Commercially prepared, small, plain savoury biscuit made from white wheat flour and added fat, sprinkled with salt.",8.1,66.3,20.7,3.4
F001129,13201,"Biscuit, savoury, from white wheat flour, Salada style",Commercially prepared square biscuits made from white wheat flour with added fat and sprinkled with salt.,9.2,63.1,14.2,3.6
F001133,13201,"Biscuit, savoury, from white wheat flour, water cracker style","Commercially prepared round, savoury biscuits made from white wheat flour and water.",10.4,69.4,7.2,3.7
F001135,13201,"Biscuit, savoury, from wholemeal wheat flour & rye flour, crispbread, puffed","Commercially prepared savoury thin, flat rectangle of puffed, toasted dry bread made from wholemeal wheat flour, some with added bran, malt or rye.",14,69.1,3.8,7.6
F001137,13201,"Biscuit, savoury, from wholemeal wheat flour, crispbread","Commercially prepared savoury thin, flat, biscuit made from wholemeal wheat flour (plain varieties).",10.6,59.1,8.1,9.9
F001147,13203,"Biscuit, savoury, rice cake, from brown rice, plain","Commercially prepared, round or square, savoury dry cake, approximately 1 cm thick, made from brown puffed rice. Does not contain added flavour. May contain added salt.",8.8,76.3,3.5,3.5
F001151,13203,"Biscuit, savoury, rice cracker, flavoured (excluding seaweed)","Commercially prepared savoury biscuit made predominantly from rice flour, with added seaweed flavourings.",7.1,74.1,6.7,1.5
F001152,13203,"Biscuit, savoury, rice cracker, plain","Commercially prepared savoury biscuit made predominantly from rice flour, with added salt and/or 'original' flavours.",7,78.8,4.3,0.9
F001153,13203,"Biscuit, savoury, rice cracker, seaweed flavoured","Commercially prepared savoury biscuit made predominantly from rice flour, with added seaweed flavourings.",9.6,75.3,1.2,1.6
F001164,13101,"Biscuit, sweet, Anzac style, commercial","Commercially prepared sweet crunchy oat based biscuit. Typical ingredients include rolled oats, wheat flour, coconut and golden syrup.",5.8,60.3,22.1,3.8
F001165,13101,"Biscuit, sweet, Anzac style, homemade from basic ingredients","Home prepared crunchy oat biscuit prepared from common household ingredients including rolled oats, wheat flour, coconut, fat and golden syrup.",4.6,64,22.6,3.1
F001167,13105,"Biscuit, sweet, biscuit base, caramel filling, chocolate-coated, commercial","Commercially prepared sweet biscuit, generally chocolate flavoured, sandwiched with caramel filling and coated in chocolate.",5.6,61.8,19.7,1.8
F001168,13105,"Biscuit, sweet, biscuit base, mint filling, chocolate-coated","Commercially prepared sweet biscuit, generally chocolate flavoured, sandwiched with sweetened creamy mint filling and coated in chocolate.",6.3,60.6,29.4,0.6
F001170,13105,"Biscuit, sweet, chocolate chip or coated",Commercially prepared sweet biscuit with added chocolate chips or coating.,5.8,61.9,22.7,3
F001174,13105,"Biscuit, sweet, chocolate chip, homemade from basic ingredients, fat not further defined","Home prepared sweet biscuit baked with chocolate chips embedded in the biscuit dough. Made from common household ingredients including wheat flour, chocolate chips, sugar, fat and eggs.",5.1,66,21.7,1
F001182,13101,"Biscuit, sweet, chocolate flavoured, commercial","Commercially prepared crunchy chocolate flavoured biscuit, commonly containing wheat flour, sugar, cocoa, fats, and eggs.",6.2,72.4,17.2,1.9
F001195,13101,"Biscuit, sweet, ginger flavoured, commercial",Commercially prepared sweet crunchy ginger flavoured biscuits.,4.8,77.7,10.6,1.9
F001215,13101,"Biscuit, sweet, plain","Commercially prepared sweet plain biscuit, made without added flavourings, chocolate, fruit or nuts.",6.4,69.4,15.8,2.1
F001227,13103,"Biscuit, sweet, plain, with icing, commercial","Commercially prepared, crisp sweet biscuit topped with sugar-based icing. Predominant ingredients are white wheat flour, sugar, animal or vegetable fats, salt and chemical leavening.",4.6,77.5,11.2,1.7
F001233,13104,"Biscuit, sweet, sandwich, cream & jam filling","Commercially prepared, non-chocolate flavoured sweet biscuit sandwiched with jam and sweetened creamy filling.",4,64.1,22.5,1.8
F001234,13105,"Biscuit, sweet, sandwich, cream filling, chocolate-coated, tim tam style","Commercially prepared sweet biscuit, generally chocolate flavoured, sandwiched with sweetened creamy filling and coated in chocolate.",5.4,63.1,25.4,2.2
F001244,13101,"Biscuit, sweet, shortbread style, commercial","Commercially prepared shortbread-style biscuits. Ingredients may include butter, wheat flour, sugar and rice flour.",6.2,60.8,26.3,2.3
F001251,13101,"Biscuit, sweet, wheatmeal",Commercially prepared sweet biscuit made from wheat flour with added wheatmeal.,7.8,67,11.7,5.6
F001266,16201,"Blackberry, purchased frozen","Round fruit characterised by a collection of tiny, shiny black drupelets around a central white core. Frozen prior to sale.",1.2,7.4,0.3,4.5
F001267,16201,"Blackberry, raw","Round fruit characterised by a collection of tiny, shiny, black drupelets around a central white core.",1.2,7.4,0.3,4.5
F001276,15101,"Blue grenadier (hoki), fillet, baked, no added fat","Blue grenadier (hoki) with or without skin, cooked.",24.6,0,1.6,0
F001277,15101,"Blue grenadier (hoki), fillet, raw",Uncooked blue grenadier (hoki) with or without skin.,18,0,1.2,0
F001278,15101,"Blue grenadier (hoki), fillet, steamed, no added fat","Blue grenadier (hoki) flesh, imported into Australia, that has been steamed with no added fat.",21.4,0,1.4,0
F001289,16201,"Blueberry, purchased frozen","Small, deep blue berry with whitish waxy bloom. Frozen prior to sale.",0.5,10.7,0,3
F001290,16201,"Blueberry, raw","Small, deep blue berry with whitish waxy bloom.",0.5,10.4,0,3
F001300,24201,"Bok choy, fried, no added fat","Asian vegetable with white to pale green coloured stems, and rounded, dark-green leaves. Fried without added fat.",3.6,0.8,0.3,3.5
F001301,24201,"Bok choy, raw","Asian vegetable with white to pale green coloured stems, and rounded, dark-green leaves. Uncooked.",2.5,0.6,0.2,2.4
F001302,24201,"Bok choy, steamed","Asian vegetable with white to pale green coloured stems, and rounded, dark-green leaves. Boiled in unsalted water without added fat, then drained.",2.6,0.6,0.2,2.6
F001322,18606,"Braised steak & onions, canned","Canned product commonly containing beef steak, onion, cereal, tomato, salt, spice and water.",7.2,4.5,1.6,0.8
F001353,12201,"Bread roll, from white flour","Commercially prepared bread made from white, wheaten bread-making flour and other permitted ingredients. Dough is shaped into individual serves before baking. Contains added folic acid, iodised salt and thiamin.",9.3,44.6,2.9,3
F001360,12203,"Bread roll, from wholemeal flour","Commercially prepared bread made from wholemeal, wheaten bread-making flour and other permitted ingredients. Dough is shaped into individual serves before baking. Contains added folic acid, iodised salt and thiamin. Cooked by toasting after purchase.",10.1,45.2,3,5.8
F001365,12202,"Bread roll, mixed grain","Commercially prepared bread made from white and/or wholemeal flour with added kibbled grains. Dough shaped into a single serve before baking. Contains added folic acid, iodised salt and thiamin.",12.2,40.3,3,5.6
F001372,12304,"Bread roll, topped with cheese","Commercially prepared bread made from white, wheaten bread-making flour and other permitted ingredients. Topped or mixed with grated cheddar cheese.",12.4,35.8,9,2.4
F001373,12304,"Bread roll, topped with cheese & bacon","Commercially prepared bread made from white, wheaten bread-making flour and other permitted ingredients. Topped or mixed with grated cheddar cheese and bacon.",16.6,27,11.2,1.8
F001374,13302,"Bread, banana, commercial","Commercially prepared sweet, moist cake-like bread made using mashed bananas and other common ingredients such as wheat flour, shortening, sugar and egg.",5.7,43.1,11.1,1.5
F001376,13302,"Bread, banana, homemade","Sweet, moist homemade cake or cake-like bread made using mashed bananas and other common ingredients such as wheat flour, sugar and egg.",5.3,50,12.7,1.3
F001387,12201,"Bread, damper, from white flour, homemade","Round, chemically leavened bread with a thick rough crust and soft inner crumb. Homemade from basic ingredients such as white wheat flour, salt, water or milk and sugar.",7.5,42.9,5.5,3.3
F001401,12302,"Bread, flat (pita or Lebanese), white, commercial","Flat bread made from white wheat flour. Includes a range of styles, including Lebanese, pita, naan, tortillas, mountain bread and wraps. May vary in diameter. Contains added folic acid, iodised salt and thiamin. Ready to eat.",9.5,49.1,2.1,3.7
F001404,12302,"Bread, flat (pita or Lebanese), wholemeal, commercial","Double layered, Middle Eastern style flat bread made from wholemeal wheat flour with a small amount of crumb adhering to both crusts. May vary in diameter. Contains added folic acid, iodised salt and thiamin.",8.6,47.2,2,6.4
F001415,12302,"Bread, wrap, white, commercial","Single layered flat bread made from white wheat flour and water. Contains added folic acid, iodised salt and thiamin.",7.8,46.9,8.4,3
F001450,12204,"Bread, from rye flour, sour dough","Commercially prepared sour dough made from white, wheaten bread-making flour and rye flour and other permitted ingredients. Contains added thiamin, folic acid and iodised salt.",9.2,42.7,1.6,5.2
F001451,12204,"Bread, from rye flour, sour dough, toasted","Commercially prepared sour dough bread made from white, wheaten bread-making flour and rye flour and other permitted ingredients. Contains added thiamin, folic acid and iodised salt. Cooked by toasting after purchase.",10.8,50.2,1.9,6.1
F001457,12305,"Bread, from white flour, commercial, added dried fruit","Commercially prepared bread made from white wheat flour and containing 10- 25% added dried fruit. Contains added folic acid, iodised salt and thiamin.",8.8,47.3,3.7,3.6
F001458,12305,"Bread, from white wheat flour, added dried fruit, toasted","Commercially prepared bread made from white wheat flour and containing 10- 25% added dried fruit. Contains added folic acid, iodised salt and thiamin. Cooked by toasting after purchase.",9.8,52.6,4.1,4
F001463,12201,"Bread, from white flour","Commercially prepared, sliced or unsliced bread made from white, wheaten bread-making flour and other permitted ingredients. Contains added folic acid, iodine and thiamin. Ready to eat.",9.5,46.2,2,3.2
F001468,12206,"Bread, from white flour, added fibre","Commercially prepared bread made from white, wheaten bread-making flour and other permitted ingredients. Contains added fibre and/or added high amylose maize starch, folic acid, iodised salt and thiamin.",9.7,43.6,1.7,6.4
F001479,12206,"Bread, from white flour, added fibre, toasted","Commercially prepared bread made from white, wheaten bread-making flour and other permitted ingredients. Contains added fibre and/or added high amylose maize starch, folic acid, iodised salt and thiamin. Cooked by toasting after purchase.",11.5,51.9,2,7.7
F001484,12206,"Bread, from white flour, added omega-3 polyunsaturates","Commercially prepared bread made from white, wheaten bread-making flour and other permitted ingredients. Contains added omega-3 fatty acids, folic acid, iodised salt and thiamin.",9.1,46.6,2.1,3.1
F001485,12206,"Bread, from white flour, added omega-3 polyunsaturates, toasted","Commercially prepared bread made from white, wheaten bread-making flour and other permitted ingredients. Contains added omega-3 fatty acids, folic acid and iodised salt and thiamin. Cooked by toasting after purchase.",10.6,54.2,2.4,3.6
F001528,12201,"Bread, from white flour, Italian-style, commercial","Commercially prepared, Italian style bread made from white, wheaten bread-making flour and other permitted ingredients. Contains added folic acid, iodised salt and thiamin.",9,46.8,2.5,3.9
F001529,12201,"Bread, from white flour, Italian-style, commercial, toasted","Commercially prepared, Italian style bread made from white, wheaten bread-making flour and other permitted ingredients. Contains added folic acid, iodised salt and thiamin. Cooked by toasting after purchase.",10.7,55.7,3,4.6
F001537,12201,"Bread, from white flour, sour dough, commercial","Commercially prepared sour dough made from white, wheaten bread-making flour and other permitted ingredients. Contains added thiamin, folic acid and iodised salt. Ready to eat.",8.8,42.9,1.4,3.1
F001538,12201,"Bread, from white flour, sour dough, toasted","Commercially prepared sour dough made from any bread-making flour and other permitted ingredients. Contains added thiamin, folic acid and iodised salt. Cooked by toasting after purchase.",10.4,51.1,1.7,3.7
F001541,12201,"Bread, from white flour, toasted","Commercially prepared bread made from white, wheaten bread-making flour and other permitted ingredients. Contains added folic acid and iodine, in addition to thiamin. Cooked by toasting after purchase.",10.8,54.3,2.8,4.3
F001543,12206,"Bread, from white Jackaroo flour, added fibre and vitamins B1 & folate & Fe","Commercially prepared bread made from white, wheaten Jackaroo brand bread-making flour specifically formulated in conjunction with the Northern Territory Government. Contains added vitamins B1 and folate, iron and other permitted ingredients.",8.3,45.7,2.3,6.5
F001544,12206,"Bread, from white Jackaroo flour, added fibre and vitamins B1 & folate & Fe, toasted","Commercially prepared bread made from white, wheaten Jackaroo brand bread-making flour specifically formulated in conjunction with the Northern Territory Government. Contains added vitamins B1 and folate, iron and other permitted ingredients. Cooked by toasting after purchase.",9.8,53.8,2.7,7.6
F001545,12201,"Bread, organic","Commercially prepared, sliced or unsliced bread made from white, wholemeal or rye wheaten bread-making flour and other permitted ingredients. May contain added folic acid and iodine, in addition to thiamin.",11.6,40.3,2.9,5.6
F001548,12201,"Bread, organic, toasted","Commercially prepared, sliced or unsliced bread made from white, wholemeal or rye wheaten bread-making flour and other permitted ingredients. May contain added folic acid and iodine, in addition to thiamin. Cooked by toasting after purchase.",13.7,47.4,3.4,6.6
F001553,12203,"Bread, from wholemeal flour","Commercially prepared, sliced or unsliced bread made from wheat flour containing all the milled constituents of the wheat grain. Contains added folic acid, iodine and thiamin.",10.4,39.2,2.5,6.9
F001597,12203,"Bread, from wholemeal flour, toasted","Commercially prepared sliced or unsliced bread made from wheat flour containing all the milled constituents of the wheat grain. Contains added folic acid, iodised salt and thiamin. Cooked by toasting after purchase.",12.2,46.1,2.9,8.1
F001600,12306,"Bread, garlic, commercial, baked","Commercially prepared white bread to which a garlic or herb butter mixture is added. Bread generally contains added folic acid, iodised salt and thiamin. Cooked by baking after purchase.",8,42.8,15.1,3
F001601,12306,"Bread, garlic or herb, homemade, cooked","Sliced white bread to which a mixture of fat (butter/dairy blend or margarine) and garlic and/or herbs are added, before the bread is heated to melt the fat mixture. Bread contains added folic acid and iodised salt. Cooked by baking, toasting or heating in a microwave.",8.8,40.5,11.4,3.6
F001603,12205,"Bread, gluten free","Commercially prepared bread made from grains other than wheat such as buckwheat groats, cornmeal, rice and quinoa. May contain added folic acid and iodised salt. Ready to eat.",5.5,36.6,3.9,3.9
F001609,12205,"Bread, gluten free, toasted","Commercially prepared bread made from grains other than wheat such as buckwheat groats, cornmeal, rice and quinoa. May contain added folic acid and iodised salt. Cooked by toasting after purchase.",6.5,43.6,4.6,4.6
F001621,12202,"Bread, mixed grain","Commercially prepared sliced or unsliced bread made from white and/or wholemeal flour with added kibbled grains. Contains added folic acid, iodised salt and thiamin.",10.7,39.8,4.5,5.8
F001644,12202,"Bread, mixed grain, toasted","Commercially prepared sliced or unsliced bread made from white and/or wholemeal flour with added kibbled grains. Contains added folic acid, iodised salt and thiamin. Contains added folic acid, iodised salt and thiamin. Cooked by toasting after purchase.",12.6,46.8,5.3,6.9
F001647,12302,"Bread, Naan, commercial","Commercial Indian yeast-leavened bread based on white wheat flour, water, oil and yoghurt generally baked in a tandoor-style oven. May contain added vitamins (thiamin, riboflavin, folate), minerals (calcium, iron) and iodised salt.",8,47.8,7.1,2.6
F001653,12201,"Bread, pizza base, commercial","Pre-prepared pizza bases made from white flour, purchased in supermarkets. Does not contain any toppings. Usually contains added folic acid, thiamin and iodised salt.",8.6,48.5,3.3,2.7
F001669,12302,"Bread, tortilla, white, commercial","Single layered flat bread made from white wheat flour, oil, salt and water. Generally contains added folic acid, iodised salt and thiamin.",7.3,46.3,9,2
F001671,12201,"Bread, from white flour, Turkish","Commercial yeast leavened, thin, soft-crusted white bread typically prepared from white wheat flour, olive oil, water, yeast, sugar, salt and sesame seeds. Contains added folic acid, iodised  salt and thiamin.",7.8,45.5,2.8,3.6
F001672,12201,"Bread, from white flour, Turkish, toasted","Commercial yeast leavened, thin, soft-crusted white bread typically prepared from white flour, olive oil, water, yeast, sugar, salt and sesame seeds. Contains added folic acid, iodised salt and thiamin. Cooked by toasting after purchase.",9.2,54.2,3.3,4.3
F001683,12201,"Breadcrumbs, white",Crisp crumbs crushed from white bread which has been dried and packaged before sale. Contains added folic acid and iodised salt.,14,68.5,4.1,4.7
F001688,11905,"Breakfast cereal, beverage, non-chocolate flavours, added vitamins & minerals (Up & Go)","Breakfast cereal beverage made from filtered water, breakfast cereal, skim milk powder, cane sugar, soy protein, sunflower oil, flavours (except chocolate) and added vitamins A, B1, B2, B3, B6, B12, C and folic acid, and calcium.",3.1,12.4,1.5,0.8
F001701,12502,"Breakfast cereal, flakes of corn, added vitamins & minerals (Kellogg's Cornflakes)","Breakfast cereal made from flakes of corn with added vitamins B2, B3, B6, E and folic acid, iron and zinc.",7.9,81.8,1.8,3.8
F001708,12501,"Breakfast cereal, flakes of corn, unfortified",Breakfast cereal made from flakes of corn with added salt and sugar. Does not contain added vitamins or minerals.,7.3,75.6,2.9,4.6
F001720,12510,"Breakfast cereal, mixed grain (rice & wheat), flakes, added vitamins & minerals (Kellogg's Special K)","Breakfast cereal made from flakes of lightly toasted rice and wheat grains with sugar and salt added. Contains added vitamins B2, B3, B6, D and folic acid and calcium, iron and zinc.",18.2,70.5,4.1,2.7
F001733,12512,"Breakfast cereal, mixed grain (wheat & oat), flakes, apricot & sultana, added vitamins & minerals (Kellogg's Just Right)","Breakfast cereal made from flakes of wheat, oats and triticale with dried sultanas, apricot, sugar and salt. Contains added vitamins B2, B3, B6 and folic acid and iron and zinc.",9.1,71.6,1.5,8.2
F001767,12510,"Breakfast cereal, mixed grain (wheat, oat & corn), added vitamins & minerals (Kellogg's Nutri-grain)","Breakfast cereal made from wheat, oatmeal and maize flour with added sugar and salt extruded into various shapes before packaging. Contains added vitamins B2, B3, B6 and folic acid and calcium, iron and zinc.",23.3,62.8,2.5,2.5
F001788,12509,"Breakfast cereal, mixed grain (wheat, rice & oat), flakes, honey, unfortified (Be Natural Honey Flakes)","Breakfast cereal made from flakes of wheat, oats, rice and triticale with added honey, sugar and salt. Does not contain any added vitamins and minerals.",8.4,65,4.1,12.5
F001803,12504,"Breakfast cereal, puffed or popped rice, added vitamins & minerals (Kellogg's Rice Bubbles)","Breakfast cereal made from toasted puffed or popped rice grains with added salt and sugar. Contains added vitamins B2, B3, C and folic acid, iron and zinc.",6.8,81.2,1.1,0.9
F001807,12504,"Breakfast cereal, puffed or popped rice, cocoa coating, added vitamins & minerals (Kellogg's Coco Pops)","Chocolate flavoured puffed rice cereal with added sugar and salt. Contains added vitamins B1, B2, B3, C and folic acid, and calcium, iron and zinc.",5.3,83.2,2.9,1.9
F001811,12503,"Breakfast cereal, puffed or popped rice, no added sugar or salt, unfortified","Breakfast cereal made from toasted puffed or popped rice grains. Does not contain added salt, sugar, vitamins or minerals.",8.5,77.6,3,2.3
F001818,12506,"Breakfast cereal, wheat bran, flakes, added vitamins & minerals (Kellogg's Bran Flakes)","Breakfast cereal made from flakes of wheat bran. Contains added vitamins B2, B3, B6 and folic acid and iron and zinc.",12.2,58.4,3.6,19.3
F001823,12508,"Breakfast cereal, wheat bran, flakes, sultanas, added vitamins & minerals (Kellogg's Sultana Bran)","Breakfast cereal made from wheat bran flakes with added sultanas. Contains added vitamins B2, B3, B6 and folic acid and iron and zinc.",9.8,63.3,1.5,14.8
F001829,12506,"Breakfast cereal, wheat bran, pellets, added vitamins & minerals (Kellogg's All Bran)","Breakfast cereal made from wheat bran and extruded into pellets. Contains added vitamins B2, B3, B6 and folic acid and iron and zinc.",14.2,41.7,5,27.3
F001844,12506,"Breakfast cereal, whole wheat, biscuit, added vitamins & minerals (Sanitarium Weet Bix)","Breakfast cereal prepared from whole wheat, with added sugar formed into a biscuit shape. Contains added vitamins B1, B2, B3 and folic acid and iron.",11.9,61,2.3,11
F001845,12506,"Breakfast cereal, whole wheat, biscuit, bran, added vitamins & minerals (Sanitarium Weet-Bix Hi-Bran)","Breakfast cereal made from whole wheat, with added bran and sugar formed into a biscuit shape. Contains added vitamins B1, B2, B3 and folic acid and iron.",12.5,56.5,5.6,17.5
F001849,12505,"Breakfast cereal, whole wheat, biscuit, no added sugar, unfortified","Breakfast cereal made from whole wheat and salt formed into a biscuit shape. Does not contain any added sugar, vitamins or minerals.",10.4,63.7,2.7,11.5
F001860,12506,"Breakfast cereal, whole wheat, flakes, added vitamins & minerals (Weeties style)","Breakfast cereal made from whole wheat flakes with added salt. Contains added vitamins B1, B2, B3 and folic acid.",11.5,65,2,11.7
F001862,12508,"Breakfast cereal, whole wheat, flakes, dried fruit & nuts, added vitamins & minerals (Uncle Toby's Fibre Plus)","Breakfast cereal made from whole wheat flakes with added wheat bran, dried fruit, nuts and salt. Contains added fibre, vitamins B1, B2, B3 and folic acid and calcium and iron.",9.1,65.6,3.3,15.5
F001871,12505,"Breakfast cereal, whole wheat, puffed, no added sugar or salt, unfortified","Breakfast cereal made from puffed whole wheat. Does not contain any added sugar, salt or vitamins or minerals.",10,62.4,2.8,9.2
F001881,15101,"Bream, fillet, baked, no added fat",Bream fillet that has been cooked by any method.,26.8,0,7,0
F001884,15101,"Bream, fillet, raw",Uncooked bream fillet.,19.6,0,5.1,0
F001885,15101,"Bream, fillet, steamed, no added fat",Bream fillet that has been steamed with no added fat.,22.4,0,5.4,0
F001899,24202,"Broccoli, fresh, baked, no added fat","Deep green flower clusters which form the head, and pale green stems. Fresh. Chopped and baked without added fat.",4.9,1.4,0.4,4.3
F001900,24202,"Broccoli, fresh, boiled, drained","Deep green flower clusters which form the head with pale green stems. Boiled, microwaved or steamed in unsalted water without added fat, then drained",2.9,1.2,0.3,2.5
F001904,24202,"Broccoli, fresh, microwaved",Deep green flower clusters which form the head with pale green stems. Purchased fresh then  microwaved without added salt or fat.,3.2,1.3,0.4,2.9
F001905,24202,"Broccoli, fresh, raw","Deep green flower clusters which form the head, and pale green stems. Uncooked.",4,1.2,0.4,3.5
F001908,24202,"Broccolini, fresh, boiled, drained","Deep green flower clusters which form the head with pale green stems. Boiled in unsalted water without added fat, then drained",3.3,2.1,0.4,2.6
F001909,24202,"Broccolini, fresh, raw","Deep green flower clusters which form the head, and pale green stems. Uncooked.",3.2,2,0.4,2.5
F001913,24201,"Brussels sprout, fresh, boiled, drained","Layers of small green leaves with white stems wrapped around a white base. Boiled in unsalted water without added fat, then drained.",4,4.3,0.3,4.8
F001914,24201,"Brussels sprout, fresh, raw",Layers of small green leaves with white stems wrapped around a white base. Uncooked.,3.8,4.2,0.3,4.6
F001918,12101,"Buckwheat groats, cooked in water, no added salt","Buck wheat, hulled, crushed, roasted kernels, used in a similar manner to rice. Cooked in unsalted water without the addition of fat or salt.",2.7,12.3,0.7,1.1
F001919,12101,"Buckwheat groats, uncooked","Hulled, crushed, roasted kernels, used in a similar manner to rice. Uncooked.",12.8,58,3.2,5
F001920,18202,"Buffalo, riverine, cube roll, raw",Uncooked meat from the forequarter of a pasture-fed riverine buffalo.,23.9,0,6.6,0
F001921,18202,"Buffalo, riverine, topside, raw",Uncooked meat from the hindquarter of a pasture-fed riverine buffalo.,24.4,0,2.2,0
F001922,18202,"Buffalo, swamp, cube roll, raw",Uncooked meat from the forequarter of a pasture-fed swamp buffalo.,24.4,0,2.5,0
F001923,18202,"Buffalo, swamp, topside, raw",Uncooked meat from the hindquarter of a pasture-fed swamp buffalo.,24.6,0,0.8,0
F001928,12101,"Bulgur, soaked in water, no added fat or salt","A quick-cooking form of whole wheat that have been cleaned, parboiled, dried, ground into particles and sifted into distinct sizes (fine, medium and course grinds). Prepared by soaking in unsalted water.",5.4,34.4,1.3,4.1
F001929,12101,"Bulgur, uncooked","A quick-cooking form of whole wheat that has been cleaned, parboiled, dried, ground into particles and sifted into distinct sizes (fine, medium and course grinds). As purchased, not cooked.",10.3,66.1,2,7.8
F001939,12305,"Bun, sweet, with dried fruit, iced","Commercially prepared sweet bun based on yeasted wheat flour dough and containing added dried fruit, topped with sugar based icing. Contains added folic acid and iodised salt",6.4,51.8,6.1,1.9
F001940,12305,"Bun, sweet, with dried fruit, uniced","Commercially prepared sweet bun made from yeasted wheat flour, containing added dried fruit, with sugar glaze on the top. Contains added folic acid and iodised salt.",6.5,55.2,5,3
F001971,14101,"Butter, plain, no added salt","A product derived exclusively from milk and products obtained from milk, principally in the form of an emulsion of the type water-in-oil, containing no less than 80% milk fat. Does not contain added salt.",1.1,0.6,82.2,0
F001972,14101,"Butter, plain, reduced salt","A product derived exclusively from milk and products obtained from milk, principally in the form of an emulsion of the type water-in-oil, containing no less than 80% milk fat. Reduced in salt compared to regular butter.",1.1,0.6,82.6,0
F001973,14101,"Butter, plain, salted","A product derived exclusively from milk and products obtained from milk, principally in the form of an emulsion of the type water-in-oil, containing no less than 80% milk fat. Contains added salt.",1.1,0.6,82.2,0
F001988,24201,"Cabbage, Chinese flowering, boiled, drained","Leafy vegetable with long pale to mid green stem with rounded pale and mid green leaves and flowers. Chopped and cooking by boiling in unsalted water then draining, by microwaving, or by steaming.",1.4,0.9,0.3,2.9
F001990,24201,"Cabbage, Chinese flowering, raw",Leafy vegetable with long pale to mid green stem with rounded pale and mid green leaves and flowers. Uncooked.,1.3,0.9,0.3,2.8
F001993,24201,"Cabbage, Chinese, boiled, drained","Large and cylindrical in shape, with layers of tightly packed leaves. Each leaf has a long, fleshy, thick white stem and mid-green colour leaves. Chopped and cooking by boiling in unsalted water then draining, by microwaving, or by steaming.",1.1,0.9,0,1.1
F001996,24201,"Cabbage, Chinese, raw","Large and cylindrical in shape, with layers of tightly packed leaves. Each leaf has a long, fleshy, thick white stem and mid-green colour leaves. Uncooked.",1.1,0.9,0,1.1
F001997,24201,"Cabbage, mustard, boiled, drained","Plant with thick, pale green, grooved, curving stems with a small fringe of deeper green leaf along the edges and across the top of stems. Chopped and cooking by boiling in unsalted water then draining, by microwaving, or by steaming.",2.4,0.7,0.3,1.9
F001998,24201,"Cabbage, mustard, raw","Plant with thick, pale green, grooved, curving stems with a small fringe of deeper green leaf along the edges and across the top of stems. Uncooked.",2.3,0.7,0.3,1.8
F002003,24201,"Cabbage, red, boiled, drained","Large, smooth and round in shape, with layers of tightly packed purple-red coloured leaves. Leaves chopped and boiled in unsalted water without added fat, then drained.",2.3,3.3,0.3,3.2
F002006,24201,"Cabbage, red, raw","Large, smooth and round in shape, with layers of tightly packed purple-red coloured leaves. Uncooked.",2.2,3.2,0.3,3.1
F002009,24201,"Cabbage, savoy, boiled, drained","Round in shape, with tightly packed green wrinkled layers of leaves. Chopped and boiled in unsalted water without added fat, then drained.",1.8,2.4,0.1,2.4
F002010,24201,"Cabbage, savoy, raw","Round in shape, with tightly packed green wrinkled layers of leaves. Uncooked.",1.7,2.3,0.1,2.3
F002014,24201,"Cabbage, white, boiled, drained","Round in shape, with tightly packed layers of leaves. Shredded, then boiled in unsalted water without added fat, then drained.",1.2,3.9,0,2.3
F002015,24201,"Cabbage, white, raw","Round in shape, with tightly packed layers of leaves. Uncooked.",1.2,3.8,0,2.2
F002021,13307,"Cake mix, plain, dry powder","Commercially prepared dry plain cake mix. Typical ingredients include wheat flour, maize starch, sugar, salt, dairy products, vegetable oils, flavours, colours and baking agents. Includes cake mixes labelled as madeira, tea cake or vanilla cake.",4.8,73.5,8.2,1.4
F002088,13302,"Cake or cupcake, sponge, plain, commercial, iced, unfilled",Light sponge cake prepared with minimal added fat and with a significant proportion of eggs. Iced with a sugar based icing.,5,61.6,11,0.7
F002100,13302,"Cake, carrot, commercial, iced",Commercially prepared carrot cake with icing generally made with cream or neufchatel cheese.,4.4,47.6,20.4,1.5
F002101,13302,"Cake, carrot, homemade, iced","Home prepared carrot cake made from common household ingredients such as flour, milk, butter, sugar, eggs, carrot, sultanas, nuts and spices, with icing.",3.9,49.5,15,1.7
F002102,13302,"Cake, carrot, homemade, uniced","Home prepared carrot cake made from common household ingredients such as flour, milk, butter, sugar, eggs, carrot, sultanas, nuts and spices.",4.8,45.3,16,2.1
F002111,13301,"Cake, chocolate, homemade, iced","Home prepared chocolate cake made from common household ingredients such as flour, butter, sugar, egg, milk and cocoa, with icing.",6.6,46.4,18,2.6
F002112,13301,"Cake, chocolate, homemade, uniced","Home prepared chocolate cake made from common household ingredients such as flour, butter, sugar, egg, milk and cocoa.",7.9,41.3,19.4,2.9
F002150,13302,"Cake, fruit, homemade, uniced","Home prepared fruit cake made from common household ingredients such as boiled dried vine fruit, flour, sugar, butter, eggs and citrus peel.",3.8,49.4,10,2.8
F002159,13302,"Cake, lamington, unfilled","Commercially prepared individual sponge cube, coated in chocolate icing and coconut.",4.7,48,9.4,2.4
F002163,13301,"Cake, mud, dark chocolate, commercial, chocolate ganache icing","Commercially prepared rich chocolate cake, with chocolate icing. Includes cakes commonly described as dark chocolate mud cakes.",5.1,48.7,15.6,2.6
F002164,13301,"Cake, mud, dark chocolate, homemade, chocolate ganache icing","Home prepared heavy textured chocolate cake made from common household ingredients such as flour, sugar, eggs, butter and dark chocolate, with a rich chocolate ganache icing.",5.2,35.5,34.1,0.6
F002165,13301,"Cake, mud, dark chocolate, homemade, uniced","Home prepared heavy textured chocolate cake made from common household ingredients such as flour, sugar, eggs, butter and dark chocolate.",5.6,32.5,34.6,0.5
F002168,13302,"Cake, plain butter cake, commercial, iced","Commercially prepared plain butter style cake, with icing.",5,52.7,16.1,1.4
F002169,13302,"Cake, plain butter cake, commercial, uniced",Commercially prepared plain butter style cake.,8.2,46.9,15.2,1.3
F002170,13302,"Cake, plain butter cake, homemade, iced","Home prepared plain butter cake made from common household ingredients such as flour, milk, butter, sugar and eggs, with icing.",5.4,55.2,15.2,0.7
F002171,13302,"Cake, plain butter cake, homemade, uniced","Home prepared plain butter cake made from common household ingredients such as flour, milk, butter, sugar and eggs.",6.7,52.5,16.3,0.9
F002177,13302,"Cake, sponge, plain, commercial, uniced, filled with jam & cream","Commercially prepared light sponge cake prepared with minimal added fat and with a significant proportion of eggs, with a jam and cream filling.",6.7,58,12.2,1.2
F002178,13302,"Cake, sponge, plain, commercial, uniced, unfilled",Commercially prepared light sponge cake prepared with minimal added fat and with a significant proportion of eggs.,7.5,56.5,8.2,1.2
F002205,18202,"Camel, cube roll, raw",Uncooked meat from the forequarter of a camel.,20.3,0,7.7,0
F002206,18202,"Camel, rump, raw",Uncooked meat from the hindquarter of a camel.,21.4,0,3,0
F002220,23201,"Capers, pickled, canned, drained",Small round green berries of the caper bush. Pickled commercially and drained.,2.4,1.7,0.9,3.2
F002238,24705,"Capsicum, green, fresh, fried, no added fat","A shiny green vegetable with crisp, moist flesh. Hollow with a seeded core. Chopped and fried without added fat.",1,2.8,0,1.7
F002239,24705,"Capsicum, green, fresh, raw","A shiny green vegetable with crisp, moist flesh. Hollow with a seeded core. Uncooked.",0.9,2.5,0,1.5
F002246,24705,"Capsicum, red, fresh, fried, no added fat","A shiny red vegetable with crisp, moist flesh. Hollow with a seeded core. Chopped and fried without added fat.",1.2,4.9,0.4,1.2
F002247,24705,"Capsicum, red, fresh, raw","A shiny red vegetable with crisp, moist flesh. Hollow with a seeded core. Uncooked.",1.1,4.4,0.4,1.1
F002257,28401,"Caramels, soft & hard",Soft and hard caramel confectionery including soft toffees.,2.5,74.5,11.4,1.5
F002258,31302,"Cardamom seed, dried, ground","Ground spice commonly used in Indian cooking and drinks, in Middle Eastern cooking and in Scandinavian baking",10.8,34.4,6.7,28
F002263,24301,"Carrot, baby, baked, no added fat",Crisp root vegetable with orange flesh and green leaves/stem. Baked with no added fat.,0.8,6,0.1,3.6
F002265,24301,"Carrot, baby, peeled, fresh, boiled, drained","Crisp root vegetable with orange flesh and green leaves/stem. Peeled and boiled in unsalted water without added fat, then drained.",0.8,5.9,0.1,3.5
F002266,24301,"Carrot, baby, peeled, fresh, raw",Crisp root vegetable with orange flesh and green leaves/stem. Uncooked.,0.7,5.5,0.1,3.3
F002274,24301,"Carrot, mature, peeled, fresh, baked, no added fat",Crisp root vegetable with orange flesh and green leaves/stem. Peeled and baked without added fat.,0.7,8,0,3.9
F002275,24301,"Carrot, mature, peeled, fresh, boiled, drained","Root vegetable with orange flesh and green leaves/stem. Peeled and boiled in unsalted water without added fat, then drained.",1.1,5.1,0.3,3.3
F002276,24301,"Carrot, mature, peeled, fresh, raw",Root vegetable with orange flesh and green leaves/stem. Uncooked.,0.6,6.6,0,3.2
F002285,24302,"Cassava, peeled, fresh, boiled, drained","Long, coarse brown tuber, with a fibrous flesh. Peeled and boiled in unsalted water without added fat, then drained.",1.2,32.7,0.3,5
F002286,24302,"Cassava, peeled, fresh, raw","Long, coarse brown tuber, with a fibrous flesh. Uncooked.",1.1,30.4,0.2,4.6
F002287,24302,"Cassava, white flesh, peeled, fresh, boiled, drained","Long, coarse brown tuber, with a fibrous white flesh. Peeled and boiled in unsalted water without added fat, then drained.",0.6,36.7,0.3,4.9
F002288,24302,"Cassava, white flesh, peeled, fresh, raw","Long, coarse brown tuber, with a fibrous white flesh. Uncooked.",0.6,34.1,0.3,4.6
F002289,24302,"Cassava, yellow flesh, peeled, fresh, boiled, drained","Long, coarse brown tuber, with a fibrous yellow flesh. Peeled and boiled in unsalted water without added fat, then drained.",1.7,28.7,0.2,5
F002290,24302,"Cassava, yellow flesh, peeled, fresh, raw","Long, coarse brown tuber, with a fibrous yellow flesh. Uncooked.",1.6,26.7,0.2,4.7
F002374,24202,"Cauliflower, fresh, baked, no added fat","Tight white flower clusters which form the head, with a white stem. Baked, roasted, fried, stir-fried, grilled or BBQ'd without added fat.",2.3,4,0.2,1.5
F002377,24202,"Cauliflower, fresh, boiled, drained","Tight white flower clusters which form the head, with a white stem. Boiled in unsalted water, without added fat, then drained.",2,3.4,0.2,1.2
F002378,24202,"Cauliflower, fresh, raw","Tight white flower clusters which form the head, with a white stem. Uncooked.",1.9,3.3,0.2,1.2
F002383,24302,"Celeriac, peeled, boiled, drained","A thick tuberous root with brown skin and white flesh, with a celery like flavour. Peeled, chopped, and boiled in unsalted water without added fat, then drained.",1.7,5.4,0.2,5.5
F002384,24302,"Celeriac, peeled, raw","A thick tuberous root with brown skin and white flesh, with a celery like flavour. Uncooked.",1.6,5,0.2,5.1
F002389,24402,"Celery, fresh, fried, no added fat",A green upright vegetable with long stems and green leafy ends. Chopped and fried without added fat.,0.8,3.4,0.1,1.9
F002390,24402,"Celery, fresh, raw",A green upright vegetable with long stems and green leafy ends.,0.6,2.8,0.1,1.6
F002405,19401,"Cheese, blue vein","Prepared by the addition of culture, rennet and mould spores to cows milk to produce green, grey, blue or black spots of mould throughout the body of the cheese. Includes Australian and imported blue cheese.",19.1,0.3,32.9,0
F002406,19403,"Cheese, bocconcini","Fresh, soft cheese made from cows milk. Sold shaped into small balls and packed in brine or water.",16.6,0,20.2,0
F002407,19405,"Cheese, brie","Australian and imported soft cheese covered with white mould and labelled as being brie style or double brie. Prepared by pasteurising, culturing and coagulating cows milk prior to salting and curing.",18.6,0,31.8,0
F002408,19405,"Cheese, camembert","Prepared by pasteurising, culturing and coagulating cows milk prior to salting and curing to produce a soft creamy surface ripened cheese. Includes Australian and imported soft cheese covered with white mould and labelled as being camembert style.",18.6,0,27.9,0
F002413,19402,"Cheese, cheddar, natural, reduced fat (~25%)","Cheddar cheese prepared by curdling cows milk with rennet, followed by curing to produce a hard pale yellow cheese. Formulated to have a fat content of approximately 25%.",27.9,0,23.4,0
F002414,19401,"Cheese, cheddar, natural, regular fat","Cheddar cheese prepared by curdling cows milk with rennet, followed by curing to produce a hard pale yellow cheese. Includes unsliced mild, tasty and vintage varieties.",24.6,0.3,33.4,0
F002425,19407,"Cheese, cheddar, processed, reduced fat (~15%), added vitamin D","Commercially prepared processed cheddar cheese formulated to contain approximately 16% fat. Prepared by grinding, mixing, melting and emulsifying one or more varieties of cheese with salt and vitamin D to form a homogeneous mass. Supplied as slices or blocks.",22.4,4.9,15.4,0
F002428,19406,"Cheese, cheddar, processed, regular fat","Commercially prepared regular fat processed cheddar cheese. Prepared by grinding, mixing, melting and emulsifying one or more varieties of cheese with salt to form a homogeneous mass. Supplied as slices or blocks.",18.2,1.9,23.9,0
F002435,19403,"Cheese, cottage","Regular fat creamed cottage cheese, prepared by curdling, salting, draining and washing cows milk to produce an unripened, white curd cheese.",17,1.8,5.7,0
F002444,19403,"Cheese, cream, plain","Regular fat soft, white cheese prepared by blending, culturing and salting cows milk, cream and vegetable gum.",8.5,0.2,34.2,0
F002448,19401,"Cheese, edam","A semi-hard cheese made by curdling cows milk with rennet, followed by curing. Coated in oil or a red or yellow wax film. Includes Australian and imported edam cheese.",27.4,0,27.2,0
F002452,19401,"Cheese, fetta (feta)","Made by curdling cows milk with rennet, which is then sliced, salted and stored in either whey or brine. Includes Australian and imported fetta cheese.",16.6,0.4,20.6,0
F002462,19401,"Cheese, goat, firm",Cheese made from goats milk. Firm in texture.,18.6,0.8,31.3,0
F002463,19401,"Cheese, goat, soft",Cheese made from goats milk. Soft in texture.,21.2,0.9,21.7,0
F002466,19401,"Cheese, haloumi (halloumi)","Salty, semi-soft cheese that maintains its texture when cooked.",20.5,1,24.6,0
F002472,19401,"Cheese, mozzarella",Cheese made from cows milk with a rubbery texture. Typically added to pizza and other Italian-style dishes.,22.2,0,22.1,0
F002478,19401,"Cheese, parmesan, dried, finely grated","Parmesan-style cheese, prepared by removing the majority of cream from cows milk before heating, curdling and brining. Cheese is finely grated prior to sale and some additional moisture may be removed, so that the cheese does not generally require refrigerator storage.",40.6,0,33.3,0
F002479,19401,"Cheese, parmesan, fresh, regular fat","A hard granular cheese prepared by removing the majority of cream from cows milk before heating, curdling and brining.",32,0,27,0
F002488,19403,"Cheese, ricotta",Australian produced ricotta cheese. Prepared by collecting the whey from the coagulation of cows milk and further separation and draining.,10.4,2.7,11,0
F002513,16702,"Cherry, black, canned in syrup",Small black cherries canned in sugar syrup.,0.7,17,0,0.9
F002514,16404,"Cherry, black, canned in syrup, drained","Small black cherries canned in sugar syrup, then drained.",0.9,17,0.1,1.7
F002517,16404,"Cherry, black, canned in syrup, syrup only","Syrup made from water and sugar, used in canned black cherries.",0.5,17.1,0,0
F002522,16403,"Cherry, raw","Small, deep reddish-purple stone fruit.",1.1,16.9,0,1.4
F002559,18906,"Chicken piece, flesh, skin & fat, coated, fast food outlet, fried","Chicken breast, thigh, wing or drumstick piece with skin and fat with seasoned coating, fried on the bone in unspecified vegetable oil, as prepared in fast food style outlets. KFC Original recipe is an example of this style of product.",23.2,9.5,14.4,1
F002568,18301,"Chicken, barbecued, with skin","Whole chicken with skin, cooked in a commercial rotisserie oven. Chicken is generally rubbed with oil, spices and salt. Does not include stuffing.",27.5,0,8.9,1.1
F002590,18301,"Chicken, breast, lean flesh, baked, no added fat","Flesh from breast portion of the chicken, with the skin and fat removed. Baked with no added fat.",29,0,3.9,0
F002591,18301,"Chicken, breast, lean flesh, casseroled, no added fat","Flesh from breast portion of the chicken, with the skin and fat removed. Casseroled with added water then drained, no added fat.",27,0,3.7,0
F002592,18301,"Chicken, breast, lean flesh, fried, no added fat","Flesh from breast portion of the chicken, with the skin and fat removed. Cut into thin strips and fried with no added fat.",34.5,0.7,1.8,0
F002593,18301,"Chicken, breast, lean flesh, grilled, no added fat","Flesh from breast portion of the chicken, with the skin and fat removed. Grilled with no added fat.",29.8,0,2.5,0
F002594,18301,"Chicken, breast, lean flesh, raw","Raw flesh from breast portion of the chicken, with the skin and fat removed.",22.5,0,0.8,0
F002595,18301,"Chicken, breast, lean flesh, skin & fat, baked, no added fat","Flesh, skin and fat from the breast portion of a chicken. Baked with no added fat.",27.8,0,9.1,0
F002597,18301,"Chicken, breast, lean flesh, skin & fat, raw","Raw flesh, skin and fat from breast portion of a chicken.",20.2,0,8.7,0
F002645,18301,"Chicken, drumstick, lean flesh, baked, no added fat","Flesh from drumstick portion of a chicken, with the skin and fat removed. Baked with no added fat.",29.9,0.4,8.5,0
F002646,18301,"Chicken, drumstick, lean flesh, casseroled, no added fat","Flesh from drumstick portion of a chicken, with the skin and fat removed. Casseroled with added water then drained, no added fat.",28.6,0,6.6,0
F002647,18301,"Chicken, drumstick, lean flesh, raw","Uncooked flesh from drumstick portion of a chicken, with the skin and fat removed.",18.5,0,4.8,0
F002648,18301,"Chicken, drumstick, lean flesh, skin & fat, baked, no added fat","Flesh, skin and fat from drumstick portion of a chicken. Baked with no added fat.",28.5,0.3,13.6,0
F002649,18301,"Chicken, drumstick, lean flesh, skin & fat, casseroled, no added fat","Flesh, skin and fat from drumstick portion of a chicken. Casseroled with added water then drained, no added fat.",26.9,0,11.6,0
F002650,18301,"Chicken, drumstick, lean flesh, skin & fat, raw","Uncooked flesh, skin and fat from the drumstick portion of a chicken.",17.6,0,9.3,0
F002708,18401,"Chicken, liver, fried, added butter","Liver of chicken, trimmed of external fat and large vessels, fried in butter until cooked.",20.2,0,10.9,0
F002709,18401,"Chicken, liver, raw",Raw liver of chicken trimmed of external fat and large vessels.,16.9,0,4.8,0
F002739,18301,"Chicken, mince, raw",Raw chicken mince likely to be from the breast and thigh portion of a chicken.,21.4,0,1.1,0
F002751,18906,"Chicken, nugget, purchased from fast food chain, grilled","Processed chicken lightly coated and crumbed, and grilled, as purchased from takeaway chain outlets.",14.8,19.9,5.9,1.3
F002752,18906,"Chicken, nugget, purchased from independent takeaway & fast food chain, fried, undefined oil","Processed chicken lightly coated and crumbed, and fried in an unspecified frying fat, as purchased from independent takeaway outlets and fast food chains.",13.1,16.8,15.8,1.1
F002755,18906,"Chicken, nugget, purchased frozen, baked, no added fat",Processed chicken lightly coated and crumbed. Cooked with or without added fat according to label instructions.,14.1,17.8,15.2,1.6
F002756,18605,"Chicken, processed luncheon meat, low or reduced fat","Processed chicken meat product, with a fat content of approximately 3%, generally sold pre-sliced and intended for use as a sandwich filling. Typical ingredients include chicken, water, soy protein, thickener, salt and sugar.",20,4.4,1.2,0.2
F002767,18301,"Chicken, separable fat, composite, baked or roasted, no added fat",Fat able to be separated from the flesh and skin of chicken after baking or roasting.,9.8,0,46.6,0
F002768,18301,"Chicken, separable fat, composite, cooked, no added fat","Fat from a fresh chicken, cooked in a casserole dish with added water.",6.2,0,75.5,0
F002769,18301,"Chicken, separable fat, composite, raw",Fat able to be separated from the flesh and skin prior to cooking.,5.1,0,62.3,0
F002771,18301,"Chicken, skin, composite, baked, no added fat","Baked skin, separated from the flesh of chicken after baking.",22.3,0,38.9,0
F002772,18301,"Chicken, skin, composite, casseroled, no added fat","Skin of chicken, cooked in a casserole dish with added water.",18,0,38.8,0
F002773,18301,"Chicken, skin, composite, raw",Raw skin separated from the flesh of chicken prior to cooking.,12.7,0,35.1,0
F002804,18301,"Chicken, thigh, lean flesh, baked, no added fat","Flesh from thigh portion of a chicken, with skin and fat removed. Baked with no added fat.",24.2,0,8.7,0
F002805,18301,"Chicken, thigh, lean flesh, casseroled, no added fat","Flesh from thigh portion of a chicken, with skin and fat removed. Casseroled with added water, then drained, no added fat.",26.3,0,9.8,0
F002806,18301,"Chicken, thigh, lean flesh, raw","Uncooked flesh from the thigh portion of a chicken, with skin and fat removed.",19.1,0,3,0
F002807,18301,"Chicken, thigh, lean flesh, skin & fat, baked, no added fat","Flesh, skin and fat from the thigh portion of a chicken. Baked with no added fat.",23.1,0,16.1,0
F002808,18301,"Chicken, thigh, lean flesh, skin & fat, casseroled, no added fat","Flesh, skin and fat from the thigh portion of a chicken. Casseroled with added water, then drained, no added fat.",24.1,0,17.1,0
F002809,18301,"Chicken, thigh, lean flesh, skin & fat, raw","Uncooked flesh, skin and fat from the thigh portion of a chicken.",16,0,16.9,0
F002847,18301,"Chicken, wing, lean flesh, baked, no added fat","Flesh from wing portion of a chicken, with skin and fat removed. Baked with no added fat.",30.9,0,7.7,0
F002848,18301,"Chicken, wing, lean flesh, casseroled, no added fat","Flesh from wing portion of a chicken, with skin and fat removed. Casseroled with added water, then drained, no added fat.",27.9,0,8.8,0
F002849,18301,"Chicken, wing, lean flesh, raw","Uncooked flesh from wing portion of a chicken, with skin and fat removed.",18.7,0,4.1,0
F002850,18301,"Chicken, wing, lean flesh, skin & fat, baked, no added fat","Flesh, skin and fat from the wing portion of a chicken. Baked with no added fat.",28.2,0,17.2,0
F002851,18301,"Chicken, wing, lean flesh, skin & fat, casseroled, no added fat","Flesh, skin and fat from the wing portion of a chicken. Casseroled with added water, then drained, no added fat.",24.9,0,17.9,0
F002852,18301,"Chicken, wing, lean flesh, skin & fat, raw","Uncooked flesh, skin and fat from the wing portion of a chicken.",16.1,0,17.4,0
F002880,25102,"Chickpea, canned, drained","Small round cream coloured legume which has been boiled and canned in brine, then drained.",6.3,13.3,2.1,5.7
F002881,25101,"Chickpea, dried","A small, round ball with an uneven surface, approximately 6-7 mm in size. Light to dark brown in colour with a thick seed coat.",19.7,38.5,5.5,20.8
F002882,25101,"Chickpea, dried, boiled, drained","A small, round ball with an uneven surface, approximately 6-7 mm in size. Light to dark brown in colour with a thick seed coat, boiled with no added salt or fat.",7.2,14,2,7.6
F002883,24302,"Chicory, boiled, drained","A leafy vegetable with long white leaves, typically used in salads, stews and casseroles. Boiled in unsalted water without added fat, then drained.",2.1,0.9,0.2,2.1
F002884,24302,"Chicory, raw","A leafy vegetable with long white leaves, typically used in salads, stews and casseroles. Uncooked.",1.8,0.8,0.2,1.8
F002893,31302,"Chilli (chili), dried, ground","Dried and ground red pepper, characterised by a hot sensation when consumed as a spice.",12.3,12.9,14.3,34.2
F002894,24705,"Chilli (chili), green, fried, no added fat","A long thin shiny green vegetable with crisp, moist flesh. Hollow with a seeded core. Sliced and fried without added fat.",3.1,1.1,0.3,14.3
F002896,24705,"Chilli (chili), green, raw","A long thin shiny green vegetable with crisp, moist flesh. Hollow with a seeded core. Uncooked.",2.8,1,0.3,12.9
F002900,24705,"Chilli (chili), red, fried, no added fat","A long thin shiny red vegetable with crisp, moist flesh. Hollow with a seeded core. Sliced and fried without added fat.",1.6,5.3,0.8,8
F002901,24705,"Chilli (chili), red, raw","A long thin shiny red vegetable with crisp, moist flesh. Uncooked.",1.4,4.8,0.7,7.2
F002907,24403,"Chives, raw","Long, thin, flattish, dark green stem which comes to a point at the top. Uncooked.",1.5,2.6,0.3,4.7
F002916,28101,"Chocolate, compound, cooking",Cocoa-based product formulated for baking or other cooking purposes in which cocoa butter is wholly or partially replaced with vegetable oils. Generally dark in colour but also includes milk cooking chocolate.,4,57,30.3,4.6
F002921,28101,"Chocolate, dark, high cocoa solids",Dark chocolate that contains between 40 and 59% cocoa solids so that it is dark in colour and slightly bitter in flavour.,3.9,62.6,30.3,1.2
F002929,28101,"Chocolate, milk",Chocolate confectionery product containing added milk solids and sold in a block or moulded into novelty shapes.,7.6,56,30.6,2.3
F002934,28103,"Chocolate, milk, fondant or caramel filled",Chocolate confectionery with milk chocolate coating enclosing a soft caramel or fondant cream type filling. Includes chocolates such as Snack or Caramello.,6,61.4,24.7,2
F002937,28102,"Chocolate, milk, with dried fruit & nuts","Chocolate confectionery product containing milk chocolate with embedded dried fruit and nuts, commonly raisins, sultanas, almonds and cashews.",7.8,55.4,28,2.9
F002939,28102,"Chocolate, milk, with nuts",Chocolate confectionery product containing milk chocolate with embedded nuts.,9.9,40.7,39.5,4.7
F002946,28101,"Chocolate, white",Chocolate confectionery product that contains milk solids and cocoa butter and is creamy white in colour.,7.1,54.6,34.5,0.2
F002948,24705,"Choko, peeled, fresh, boiled, drained","Pear-shaped green vegetable which grows on a vine and has a single soft seed, and pear-textured pale green flesh. Cooked.",0.6,4.3,0.2,1.7
F002949,24705,"Choko, peeled, fresh, raw","Pear-shaped green vegetable which grows on a vine and has a single soft seed, and pear-textured pale green flesh. Peeled and uncooked.",0.5,3.6,0.2,1.4
F002953,23201,"Chutney or relish, commercial","Jam-like preserve containing fruit, dried fruit, sugar, vinegar, salt and spices.",0.5,43.1,0.3,2.2
F002955,29401,"Cider, apple (alcohol ~4-5% v/v)","Alcoholic beverage prepared from fermented apples with significant residual sugars. Includes cider produced in Australia, New Zealand and Denmark. Approximately 4% alcohol.",0,5.6,0,0
F002963,31302,"Cinnamon, dried, ground","Dried and ground bark or quills of Cinnamomum verum, C. zeylanicum or C. aromaticum, used as a spice.",4,27.5,1.2,53.1
F002970,31302,"Cloves, dried, ground","Dried and ground, unopened flower buds of Syzygium aromaticum, used as a spice.",6,31.6,13,33.9
F002980,11904,Cocoa powder,Powder produced from the liquor extracted from cocoa beans. Typically used to flavour beverages and in baking.,22.1,10.5,15.2,27.7
F002982,22203,"Coconut, cream, regular fat","Liquid extract of the flesh of mature coconuts, containing significant levels of fat so that it has a creamy appearance. Supplied canned or in UHT tetra paks.",1.6,1.4,23.2,0
F002983,22203,"Coconut, fresh, mature fruit, flesh","Fresh flesh from inside a mature coconut, not preserved by drying or other techniques.",3.8,3.3,32.8,8.1
F002984,22203,"Coconut, fresh, mature, water or juice","The liquid portion from the inside of a mature coconut, not preserved or treated.",0.5,4.7,0.1,0
F002985,22203,"Coconut, fresh, young or immature, flesh","Fresh flesh from inside an immature coconut, not preserved by drying or other techniques.",1.6,7,5.6,0.5
F002986,22203,"Coconut, fresh, young or immature, water or juice","The liquid portion from the inside of an immature coconut, not preserved or treated.",0.2,6.6,0,0
F002987,22203,"Coconut, grated & desiccated",Grated or shredded flesh from a mature coconut that has been dried and packaged.,6.9,7.3,65.4,15.4
F002990,22203,"Coconut, milk, canned, reduced fat","Canned liquid extract of the flesh of a mature coconut, generally with added water. Formulated to have a lower fat content than most coconut milks.",0.6,0.9,7.1,0
F002991,22203,"Coconut, milk, canned, regular fat","Canned liquid extract of the flesh of a mature coconut, generally with added water.",1.4,1.7,15.4,0
F003003,15102,"Cod or hake, smoked, steamed",Fillets of cod or hake preserved by cold or liquid smoking so that the fish has an orange colour. Steamed without added fat.,20.1,0,1.5,0
F003009,15102,"Cod, smoked, raw",Uncooked fillets of cod preserved by cold or liquid smoking so that the fish has an orange colour.,18.8,0,1,0
F003014,11209,"Coffee mix, with beverage whitener & sugar, dry powder","Dry product that is a mixture of ingredients such as milk solids, sugar, vegetable oil, maltodextrin and coffee (around 13%), used to produce a hot beverage by mixing with hot water.",13.1,56.1,12.7,3.6
F003017,11201,"Coffee, black, from instant coffee powder","Beverage made from instant coffee powder or granules to which boiling water is added. Does not contain added flavour, milk or sugar.",0.2,0.2,0,0.1
F003018,11203,"Coffee, black, from instant coffee powder, decaffeinated","Beverage made from instant decaffeinated coffee powder or granules to which boiling water is added. Does not contain added flavour, milk or sugar.",0.2,0.2,0,0.1
F003041,11201,"Coffee, espresso, from ground coffee beans","Beverage prepared from ground coffee beans and a small amount of hot water, as purchased in takeaway outlets or restaurants. Does not contain added flavour, milk or sugar.",1.7,0,0.3,0
F003060,11205,"Coffee, instant, dry powder or granules","Dried extract of coffee beans, used to produce a beverage by the addition of boiling water.",18,3.6,0.3,20.6
F003061,11205,"Coffee, instant, dry powder or granules, decaffeinated","Dried extract of decaffeinated coffee beans, used to produce a beverage by the addition of boiling water.",18,3.6,0.3,20.6
F003065,11201,"Coffee, long black, from ground coffee beans","Beverage prepared from ground coffee beans to which a large volume of hot water is added. Does not contain added milk, sugar, or flavour.",0.3,0,0.1,0
F003084,11208,"Coffee, prepared from coffee mix with sugar & whitener, no added milk",Beverage made from dry coffee mix with sugar and whitener to which boiling water is added. Does not contain added milk or flavour.,0.6,2.8,0.6,0.2
F003095,13101,"Cone, wafer style, for ice cream","Wafer shaped into a cone or similar shape, used for serving ice cream.",9.1,79.7,4,3.2
F003097,28102,"Confectionery, almond, chocolate-coated",Almonds coated in a layer of chocolate.,9.4,48.4,33.5,3.6
F003100,28103,"Confectionery, chocolate centre, sugar-coated",Confectionery product containing milk chocolate covered with a sugar-based coating and shaped into a small disc or ball. Includes products described as Smarties.,4.8,76.7,18.8,1.8
F003105,28102,"Confectionery, dried fruit & nuts, chocolate-coated","A combination of dried fruits including sultanas and raisins and roasted nuts such as almonds, peanuts and hazelnuts or macadamias coated in a layer of chocolate.",9.5,49.6,29.6,3.8
F003114,28102,"Confectionery, peanut, chocolate-coated",Peanuts covered in a layer of chocolate.,13.3,41.9,37.7,4.3
F003118,28103,"Confectionery, sultana, chocolate-coated",Sultanas coated in a layer of chocolate.,6.1,61.9,21.5,2.6
F003128,11503,"Cordial base, blackcurrant juice, regular","Concentrated sugar-based syrup containing a minimum of 5% blackcurrant juice, used to prepare a beverage by dilution with water.",0.1,45,0,0
F003130,11503,"Cordial base, 25% citrus fruit juice, regular","Concentrated sugar-based syrup containing a minimum of 25% citrus fruit juice (typically orange or lemon juice), used to prepare a beverage by dilution with water.",0,37.3,0,0
F003135,11503,"Cordial base, 40% citrus fruit juice, regular","Concentrated sugar-based syrup containing at least 40% citrus fruit juice (typically orange or lemon juice), used to prepare a beverage by dilution with water.",0.2,40.2,0,0
F003156,11501,"Cordial, blackcurrant juice, regular, recommended dilution",Non-alcoholic beverage prepared by mixing 1 part of a concentrated sugar syrup containing blackcurrant juice with 5 parts of water.,0,9.3,0,0
F003158,11501,"Cordial, 25% citrus fruit juice, regular, recommended dilution",Non-alcoholic beverage prepared by mixing 1 part of a concentrated sugar syrup containing 25% citrus fruit juice with 4 parts of water.,0,8.7,0,0
F003160,11501,"Cordial, 40% citrus fruit juice, regular, recommended dilution",Non-alcoholic beverage prepared by mixing 1 part of a concentrated sugar syrup containing 40% non-citrus fruit juice with 4 parts of water.,0,9.4,0,0
F003190,31302,"Coriander seed, dried, ground","Dried and ground fruit or seed of Coriandrum sativum, used as a spice.",12.4,8.4,17.8,41.9
F003192,24403,"Coriander, fresh, raw",Fresh leaves and stems of the coriander plant. Uncooked.,3.1,1.9,0.6,3.2
F003198,26201,"Corn chips, plain, salted","Snack food product that consists of chips made from ground corn that is fried in vegetable oil, with added salt, but no added flavours.",7.5,56,25,5.2
F003200,24704,"Corn, fresh on cob, boiled, drained","The round, yellow kernels of maize formed on an ear which is surrounded by a green husk. Boiled on the cob in unsalted water, without added fat, then drained.",3.8,13,1.9,4.4
F003201,24704,"Corn, kernels, purchased frozen, boiled, drained","Corn kernels purchased frozen separated from cob. Boiled in unsalted water, without added fat, then drained.",3.1,19.9,0.9,3.5
F003202,24704,"Corn, kernels, purchased frozen, raw",Corn kernels purchased frozen separated from cob. Uncooked.,3,16.8,0.9,2.5
F003209,24704,"Corn, fresh on cob, raw","The round, yellow kernels of maize formed on an ear which is surrounded by a green husk. Uncooked kernels from a cob.",3.6,12.5,1.8,4.2
F003213,24704,"Sweetcorn, fresh or frozen on cob, baked, roasted, fried, stir-fried, grilled or BBQ'd, no added fat","The round, yellow kernels of maize formed on an ear which is surrounded by a green husk. Kernels fresh or frozen. Cooked by baking, roasting, frying, stir-frying, grilling or BBQ'ing without added fat.",4,13.9,2,4.7
F003220,24704,"Corn, kernels, canned in brine, drained","Corn kernels purchased canned with added water, sugar, salt, mineral salt, then drained.",2.9,16.8,1,2.7
F003227,12101,"Cornmeal (polenta), boiled, no added fat or salt",A type of flour ground from dried kernels of yellow or white corn. Cooked in unsalted water without the addition of fat or salt.,2.7,22.3,0.5,1
F003230,12101,"Cornmeal (polenta), uncooked",A type of flour ground from dried kernels of yellow or white corn. Uncooked.,8.5,70,1.7,3
F003235,12101,"Couscous, boiled, no added fat or salt","Cream coloured pellets, made from approximately 2 parts semolina, 1 part wheat flour and salt and water, then steamed and dried. Subsequently cooked by soaking in boiling water, without the addition of fat or salt.",6.1,32.7,0.1,1.9
F003239,12101,"Couscous, uncooked","Cream coloured pellets made from approximately 2 parts semolina, 1 part wheat flour and salt and water, then steamed and dried. No further cooking.",13.8,73.6,0.2,4.2
F003243,15201,"Crab, flesh, purchased steamed or boiled",Flesh from crabs purchased freshly cooked by boiling or steaming.,20.2,0,0.7,0
F003248,16802,"Cranberry, dried, sweetened","A small, round, bright red berry with a tart flavour, that has been dried (Craisins). Imported from the USA.",0.2,77.5,1.1,5.3
F003249,16201,"Cranberry, raw","A small, round, bright red berry with a tart flavour.",0.5,4.3,0.1,3.6
F003250,31501,"Cream of tartar, dry powder","Purified, crystallised potassium bitartrate, used as the acid component of some fast acting baking powder mixtures.",0,0,0,0.2
F003255,19305,"Cream, imitation (non-dairy)","Commercially produced soft product with a creamy appearance and texture that is commonly used in baked goods in place of whipped dairy cream, but which is not dairy-based.",1,17.7,21.8,0
F003267,19304,"Cream, sour, light (~18% fat)",Commercially produced Australian sour cream with a fat content of approximately 18%. Prepared by culturing a combination of cows milk cream and milk with lactic acid bacteria resulting in the sour flavour and decreased fat content compared to regular sour cream.,3.6,4.5,19.7,0
F003269,19303,"Cream, sour, regular fat",Commercially produced Australian sour cream with a fat content of approximately 35% Prepared by culturing cream or milk with lactic acid bacteria resulting in the sour flavour.,1.9,2,36.3,0
F003270,19301,"Cream, thickened, regular fat (~35%)","Australian produced thickened cream with a fat content of 35%. Major ingredients include cream, gelatine and vegetable gum. Produced by separating milk into a highly concentrated milk fat stream (cream) and a non-milk fat stream (skim milk) and adding thickener to increase the viscosity.",2,2.4,36.5,0
F003299,33101,"Crocodile, back leg, raw",Uncooked meat from the back leg of a crocodile.,22,0,2.2,0
F003301,33101,"Crocodile, tail fillet, raw",Uncooked meat from the tail of a crocodile.,22.5,0,1.6,0
F003305,13401,"Croissant, plain","Commercially prepared crescent-shaped pastry prepared from ingredients such as wheat flour, butter, yeast, sugar, egg, milk powder and food additives, then baked. Sodium content likely to vary widely depending on ingredients.",10,35.6,19.1,2.7
F003313,13604,"Crumpet, from white flour, toasted","Commercially prepared, batter-based product containing white, wheat flour, approximately 10 cm diameter and 1cm thick. Batter is leavened with yeast or with chemical agents and contains added salt and preservatives. Cooked on one side only and has an open honeycomb structure on the top surface. Contains added folic acid. Toasted until lightly brown.",7.1,43.3,1.2,3
F003319,24705,"Cucumber, common, peeled, raw",Long and cylindrical in shape with dark green skin and white flesh with a crisp texture. Peeled and uncooked.,0.4,2.1,0.1,0.6
F003320,24705,"Cucumber, common, unpeeled, raw",Long and cylindrical in shape with dark green skin and white flesh with a crisp texture. Unpeeled and uncooked.,0.8,1.2,0.1,1.4
F003321,24705,"Cucumber, Lebanese, unpeeled, raw",Long and cylindrical in shape with dark green skin and white flesh with a crisp texture. Unpeeled and uncooked.,0.7,1.8,0,0.6
F003324,24705,"Cucumber, telegraph, unpeeled, raw",Long and cylindrical in shape with dark green skin and white flesh with a crisp texture. Unpeeled and uncooked.,1.2,1.4,0.1,0.9
F003327,31302,"Cumin (cummin) seed, dried, ground","Dried and ground fruit or seeds of Cuminum cymimum, used as a spice.",17.8,33.7,22.3,10.5
F003328,16303,"Cumquat (kumquat), raw","Small round orange fruit, similar in appearance to oranges but much smaller.",1.9,9.4,0.9,6.5
F003331,16801,"Currant, dried",Grapes that have been dried and packaged prior to sale.,2.7,69,0.5,4.8
F003337,31302,Curry powder,"Dried and ground mixture of spices for use in the preparation of Indian-style meals. Typical ingredients include the spices cumin, coriander seed and turmeric.",14.3,2.8,14,53.2
F003423,16502,"Custard apple, African pride, peeled, raw",Light green to bluish green skin covered in irregular smooth bumps with white-cream flesh.,1.4,16.3,0.5,3.2
F003426,12103,"Custard powder, vanilla, dry mix","Dry yellow powder used for making custard. Ingredients include cornflour, salt, colours and flavours.",0.5,81.5,0.4,0.5
F003441,19601,"Custard, vanilla, prepared from dry mix",Vanilla custard prepared from commercial vanilla custard powder according to packet instructions.,3.6,13.9,3.7,0
F003442,19601,"Custard, vanilla, regular fat","Commercially produced regular fat vanilla flavoured custard. Major ingredients include regular fat milk, sugar, flavour and thickener. Custard does not contain eggs.",3.2,14.6,3,1.2
F003464,14201,"Dairy blend, butter & edible oil spread (~80% fat), reduced salt (sodium 400 mg/100 g)","A spread that is a blend of approximately two-thirds butter and one-third vegetable oil, generally canola oil with a fat content of approximately 80%. Contains a lower salt content than regular dairy blend and added vitamin D. May contain added vitamin A.",0.5,1,78.1,0
F003466,14201,"Dairy blend, butter & edible oil spread (~80% fat), sodium 600 mg/100 g","A spread that is a blend of approximately two-thirds butter and one-third vegetable oil, generally canola oil, with a fat content of approximately 80%. Contains added salt and vitamins A and D.",0.5,1,78.1,0
F003488,19701,"Dairy or yoghurt dessert, chocolate, regular fat","Commercially prepared, dairy product flavoured with chocolate and intended for use as a child's dessert. Typical ingredients include milk, sugar, cocoa, vegetable gums, salt, thickeners, emulsifiers and flavours.",2.6,14.6,4.5,1.4
F003496,16802,"Date, dried",Small brown pitted dates that have been dried.,2,67.2,0.2,9.7
F003509,24403,"Dill, fresh, raw","Fresh slender stems with fine threadlike leaves, with a distinct sweet smell and taste. Uncooked.",3.4,2.5,1.2,3.3
F003539,23503,"Dip, hummus (hommus), commercial","Commercial dip containing ground chick peas, tahini, garlic and oil. Some products contain lemon juice.",6.9,9.4,19.5,3.9
F003573,13603,"Doughnut, dusted with cinnamon & sugar",Sweet batter extruded into a ring shape which has been deep fried in oil and dusted with cinnamon and sugar after cooking.,6.6,43.9,19.5,2
F003574,13603,"Doughnut, iced","Sweet batter extruded into a ring shape which has been deep fried in oil, and iced after cooking.",6.7,48.2,15.9,1.7
F003575,13603,"Doughnut, jam filled, sugar coated",Batter shaped into a ball which as been deep fried. A small amount of jam is then injected into the centre and the doughnut dusted with sugar and cinnamon.,6,46.2,17.6,1.9
F003607,23303,"Dressing, French or Italian, regular fat, commercial","Commercially prepared thin sauce used to dress salads. Major ingredients include water, vegetable oil, sugar, vinegar, garlic and spices.",0.1,11.7,19.6,0
F003612,23301,"Dressing, thousand island, regular fat, commercial","Commercially prepared thick white, beige or light orange coloured cream, emulsified sauce used to dress salads and seafood. Major ingredients include vegetable oil, vinegar, milk powder, tomato, sugar, egg and seasonings.",1,16.6,31.8,1.4
F003627,14501,"Dripping, beef","Fat rendered from the meat, muscles and bones of beef.",0.2,0,100,0
F003631,18302,"Duck, lean flesh, baked, no added fat","Uncooked flesh from all portions of the duck, with skin and fat removed. Baked with no added fat.",28.3,0,0.8,0
F003632,18302,"Duck, lean flesh, raw","Uncooked flesh from all portions of the duck, with skin and fat removed.",17.8,0,5.5,0
F003633,18302,"Duck, lean flesh, skin & fat, baked, no added fat","Flesh, skin and fat from all portions of the duck. Baked with no added fat.",17.3,0,39.4,0
F003634,18302,"Duck, lean flesh, skin & fat, raw","Uncooked flesh, skin and fat from all portions of the duck.",13,0,36.9,0
F003641,18302,"Duck, skin & fat, baked, no added fat",Skin and fat from all portions of the duck. Baked with no added fat.,13.4,0,48.3,0
F003642,18302,"Duck, skin & fat, raw",Uncooked skin and fat from all portions of the duck.,9.5,0,59.2,0
F003705,17101,"Egg, chicken, white (albumen), hard-boiled","White (albumen) portion of chicken eggs, separated from the yolk portion after being boiled in the shell in unsalted water.",11.6,0.4,0,0
F003706,17101,"Egg, chicken, white (albumen), raw",White (albumen) portion of chicken eggs. Uncooked.,11.2,0.4,0,0
F003718,17101,"Egg, chicken, whole, fried, no fat added","Edible portion, including yolk and white (albumen), of the egg of chickens, fried without added fat, until the yolk is set.",14.3,0.3,9.6,0
F003721,17101,"Egg, chicken, whole, hard-boiled","Edible portion, including yolk and white (albumen), of the egg of chickens, boiled in unsalted water for 5-10 minutes until both yolk and white are firm.",12.4,0.7,9.4,0
F003723,17101,"Egg, chicken, whole, omega-3 polyunsaturate enriched, boiled","Edible portion, including both yolk and white (albumen), of the egg of chickens fed a specific diet to increase the level of omega-3 polyunsaturated fatty acids. Actual levels of polyunsaturated fatty acids may vary depending on the chickens diet. Boiled in water until both yolk and albumen are set.",12.7,0.3,9.4,0
F003724,17101,"Egg, chicken, whole, omega-3 polyunsaturate enriched, raw","Edible portion, including both yolk and white (albumen), of the egg of chickens fed a specific diet to increase the level of omega-3 polyunsaturated fatty acids. Actual levels of polyunsaturated fatty acids may vary depending on the chickens diet. Uncooked.",12.4,0.3,9.2,0
F003725,17101,"Egg, chicken, whole, poached","Edible portion, including yolk and white (albumen), of the egg of chickens, simmered in acidified water for 3-5 minutes, then drained.",13.1,0.3,8.8,0
F003729,17101,"Egg, chicken, whole, raw","Edible portion, including yolk and white (albumen), of the egg of chickens. Uncooked.",12.6,0.3,8.5,0
F003732,17201,"Egg, chicken, whole, scrambled, with regular fat cow's milk, no fat added","Edible portion of chicken egg, including both yolk and white (albumen), beaten with regular fat cows milk and cooked by continuous stirring (scrambling) over low heat until just set. Does not contain added fat.",10.8,2.1,7.7,0
F003736,17101,"Egg, chicken, yolk, hard-boiled","Yolk portion of chicken eggs, separated from the white (albumen) portion, cooked.",16.1,0.2,31.7,0
F003737,17101,"Egg, chicken, yolk, raw","Yolk portion of chicken eggs, including any adhering white (albumin) portion. Uncooked.",15.6,0.2,28.2,0
F003753,24705,"Eggplant, unpeeled, fresh, roasted, no added fat","A smooth, shiny deep purple-blackish skinned vegetable with a creamy white interior with many small light brown seeds dispersed through the flesh. Cooked by baking, roasting, grilling or BBQ'ing without added fat.",1.4,4.2,0.2,4.5
F003761,24705,"Eggplant, unpeeled, fresh, raw","A smooth, shiny deep purple-blackish skinned vegetable with a creamy white interior with many small light brown seeds dispersed through the flesh. Uncooked.",1,2.6,0.2,2.6
F003776,18303,"Emu, fan fillet, raw",Uncooked meat from emu thigh.,24.7,0,1.8,0
F003778,18303,"Emu, steak, as purchased, fried, no added fat",Pan-fried emu steak as purchased with no added fat,30.8,0,3.3,0
F003779,18303,"Emu, steak, as purchased, raw",Uncooked meat from an unspecified portion of an emu.,23.4,0,2.5,0
F003784,24401,"Endive, fresh, raw","A salad leaf vegetable made up of rosette of green curly leaves, darker at tips and lighter in the centre. Uncooked.",1.5,0.4,0.2,2.2
F003802,26301,"Extruded snack, cheese flavoured","Cereal-based (typically corn or rice), packaged, savoury extruded snacks with cheese flavour.",8.8,53.5,25.8,3.2
F003817,14502,"Fat, solid, vegetable oil based","Solidified edible oil product prepared from a blend of vegetable oils, commonly used for frying. Blend composition may vary.",0.2,0,100,0
F003818,16502,"Feijoa, raw","Green fruit with wrinkled inedible peel, similar in size and shape to a kiwi fruit, with a sweet clear gelatinous seed pulp.",0.6,8,0.4,3
F003819,24801,"Fennel, fresh, boiled, drained","A light green-coloured, short, bulbous, aniseed flavoured celery-like shoot. Boiled in unsalted water without added fat, then drained.",1.2,3.9,0.1,2.1
F003820,24801,"Fennel, fresh, raw","A light green coloured, short, bulbous, aniseed flavoured celery-like shoot. Its feathery green leaves are used as a herb and its seeds are used in bread, pastries, pasta and pickles. Uncooked.",1,3.3,0.1,1.8
F003821,31302,"Fenugreek seed, dried",Dried fenugreek seeds used as a spice.,23,4.2,6.4,47.6
F003832,16802,"Fig, dried","Small pear shaped fruit with seedy sweet pulp that vary in colour from green to yellow, brown, purple or black that has been preserved by drying. Imported into Australia.",3.6,54.5,0.7,14.3
F003834,16501,"Fig, fresh, unpeeled, raw","Small pear shaped fruit with seedy sweet pulp that vary in colour from green to yellow, brown, purple or black.",1.4,8.1,0.3,3.3
F003896,15502,"Fish finger, crumbed, purchased frozen, grilled, no added fat","Rectangular-shaped skinless fish pieces, coated in breadcrumbs and partially cooked by deep frying before packaging as a commercially frozen product. Grilled at home with no added fat.",13.8,18.9,13.2,1.2
F003897,15502,"Fish finger, crumbed, purchased frozen, raw","Rectangular-shaped skinless fish pieces, coated in breadcrumbs and partially cooked by deep frying before packaging as a commercially frozen product.",12.1,16.6,11.6,1.1
F003920,15302,"Fish, eel, raw","Uncooked eel, with or without skin.",18.4,0,11.7,0
F003950,15502,"Fish, white flesh, battered, packaged frozen, baked, no added fat","Fillets of an undefined white fleshed fish, purchased commercially battered and frozen. Baked at home with no added fat.",12.2,20.6,7,0.5
F003954,15502,"Fish, white flesh, crumbed, packaged frozen, baked, no added fat","Fillets of an undefined white fleshed fish, purchased commercially crumbed and frozen. Baked at home with no added fat.",13.6,18.8,10,1.5
F003970,15101,"Flathead, fillet, baked, no added fat",Flathead flesh that has been cooked by any method.,28.8,0,1.4,0
F003973,15101,"Flathead, fillet, raw","Uncooked flathead flesh from the family Platycephalus including species identified as Sand (P. bassenis), Tiger (P. richardsoni) and Rock (P. laevigatus).",21.1,0,1,0
F003974,15101,"Flathead, fillet, steamed, no added fat","Flathead flesh from the family Platycephalus including species identified as Sand (P. bassenis), Tiger (P. richardsoni) and Rock (P. laevigatus), that has been steamed with no added fat.",26.1,0,1.2,0
F003983,12103,"Flour, arrowroot",Flour ground from the starchy roots of a number of tropical plants.,0.4,78.6,0.2,3.4
F003986,25201,"Flour, chickpea (besan)","Flour prepared from dried, ground chick peas.",19.7,38.5,5.5,20.8
F003988,12103,"Flour, cornflour, from maize starch",Fine white powder extracted from the starchy endosperm of maize (corn).,0.4,84.1,0.6,0
F003989,12103,"Flour, cornflour, from maize & wheat starch",Fine white powder extracted from the starchy endosperm of maize (corn) or wheat. Sold in Australia under the name of cornflour.,0.6,84.4,0.4,0.5
F003990,12103,"Flour, gluten free, plain","Flour mix prepared from white gluten free starches and flours including rice, tapioca and corn/maize.",3.4,80.5,1.1,1.7
F003998,12103,"Flour, rice",Flour ground from grains of white and/or brown rice.,7.3,71.6,2,2.2
F004000,12103,"Flour, rye",A flour made from the milled wholegrain of rye.,11.4,54.9,2.3,17.3
F004002,25201,"Flour, soya (soy)","Creamy, finely ground flour processed from soya beans.",49.8,14.6,8.9,16
F004004,12103,"Flour, spelt","Flour prepared from ground spelt, a type of wheat.",18.7,59.1,2.4,7.4
F004006,12104,"Flour, wheat, white, high protein or bread making flour",High protein wheat flour which may contain added gluten to achieve a protein content ranging from 12-16%. Suitable for use in bread making. Contains added thiamin and folic acid.,11.7,69.6,1.7,2.5
F004007,12103,"Flour, wheat, white, plain","Flour prepared from ground wheat from which bran has been removed. No added vitamins,  minerals or leavening agents.",10,73.2,1.3,2.2
F004008,12104,"Flour, wheat, white, plain, added vitamins B1, B2, B3, B6, E & folate & Fe, Mg & Zn (Jackaroo)","Flour prepared from ground wheat from which bran has been removed. Specifically formulated in conjunction with the Northern Territory Government. Contains added vitamins B1, B2, B3, B6, E and folate, iron, magnesium and zinc.",11.1,67.3,1.5,3.8
F004009,12103,"Flour, wheat, white, self-raising",Flour prepared from ground wheat from which bran has been removed. Chemical leavening agents added. No added vitamins or minerals.,10,73.2,1.3,2.2
F004013,12104,"Flour, wheat, white, self-raising, added vitamins B1, B2, B3, B6, E & folate & Fe, Mg & Zn (Jackaroo)","Flour prepared from ground wheat from which bran has been removed. Specifically formulated in conjunction with the Northern Territory Government. Contains added chemical leavening agents and vitamins B1, B2, B3, B6, E and folate, iron, magnesium and zinc.",10.7,65.2,1.4,3.7
F004014,12103,"Flour, wheat, wholemeal, plain","Flour milled from whole wheat grain (bran, germ and flour). No added vitamins, minerals or leavening agents.",11.6,61.6,1.6,8.8
F004015,12103,"Flour, wheat, wholemeal, self-raising","Flour milled from whole wheat grain (bran, germ and flour) to which chemical leavening agents have been added. No added vitamins or minerals.",11.4,65.3,2.1,11.3
F004025,18502,"Frankfurt, cooked","Frankfurts sold loose and in vacuum packs, simmered in water, then drained. Commonly contains pork, beef (may also contain mutton and veal), cereal, salt, sugar, spices, soy protein, flavours, preservative, sodium nitrite and water.",14.3,3.4,17,1.8
F004099,11401,"Fruit drink, apple juice","Commercially prepared product made from 20-35% apple juice, water, sugars and food acids. May contain added vitamin C.",0.1,8.2,0,0
F004101,11401,"Fruit drink, blackcurrant, commercial","Commercially prepared beverage made from approximately 6% blackcurrant juice, water, sugar and food acid. Contains added vitamin C.",0.2,9.8,0,0
F004102,11401,"Fruit drink, cranberry","Commercially prepared beverage made from 25% cranberry juice, water, sugar and food acid. May contain added vitamin C.",0,12.2,0,0.1
F004114,11401,"Fruit drink, orange juice","Commercially prepared beverage made from 25% orange juice, water, sugar and food acid. Does not contain added vitamin C.",0.2,9.6,0,0.1
F004141,16702,"Fruit salad, canned in fruit juice",A variety of fruits that have been canned in fruit juice.,0.7,10.4,0.1,1.4
F004142,16702,"Fruit salad, canned in fruit juice, drained","A variety of fruits that have been canned in fruit juice, then drained.",0.8,10.1,0.2,2.3
F004143,16702,"Fruit salad, canned in fruit juice, juice only","Fruit juice, used in canned fruit salad. Commonly used juices include apple, peach, pear and pineapple.",0.4,11,0,0.2
F004192,24802,"Garlic, peeled, fresh, fried, no added fat","Bulb made up of segments called cloves, covered by a papery shell. Fried without added fat.",9.8,16.4,4.5,27.2
F004193,24802,"Garlic, peeled, fresh, raw","Bulb made up of segments called cloves, covered by a papery shell. Uncooked.",6.1,10.2,2.8,16.9
F004196,31502,"Gelatine, all types","Unflavoured light yellow granular proteinaceous powder. Used to sweeten and thicken soups, sauces and desserts.",84.4,0,0.4,0
F004201,15101,"Gemfish, fillet, baked, no added fat",Gemfish flesh that has been baked with no added fat.,19.2,0.1,3.6,0
F004202,15101,"Gemfish, fillet, raw",Uncooked gemfish flesh.,14,0.1,2.6,0
F004203,15101,"Gemfish, fillet, steamed, no added fat",Gemfish flesh that has been steamed with no added fat.,26.4,0.3,3.1,0
F004205,14102,"Ghee, clarified butter","Indian-style clarified butter containing at least 99.7% milk fat, used mainly in cooking.",0.3,0,99.9,0
F004206,23202,"Gherkin, pickled, drained, commercial","Small whole cucumbers, known as gherkins, pickled in acidified brine, then drained.",0.4,24.4,0.3,0.9
F004210,31302,"Ginger, dried, ground","Dried and ground rhizome of Zingiber officinale, used as a spice.",9,57.5,4.2,14.1
F004212,24302,"Ginger, peeled, fresh, fried, no added fat",Thick tuberous vegetable with brown skin and pale yellow flesh. Fried without added fat.,1,5.8,0.5,3.4
F004213,24302,"Ginger, peeled, fresh, raw",Thick tuberous vegetable with brown skin and pale yellow flesh. Uncooked.,0.8,4.8,0.4,2.8
F004219,27102,"Glucose, liquid or syrup","Liquid product containing glucose and other carbohydrates, produced from the hydrolysis of starch. Composition will vary depending on particular formulation.",0,87.5,0,0
F004220,12103,"Gluten, from wheat (vital wheat gluten)",Protein rich extract of wheat flour.,75.2,13.2,0,0.6
F004229,18202,"Goat, all cuts, separable fat, baked, no added fat","Separable fat from various parts of the goat carcase, roasted.",10,0,64.5,0
F004230,18202,"Goat, all cuts, separable fat, raw","Raw internal and external separable fat from 3 different portions (forequarter, loin and leg) of the carcase.",12.2,0,44.6,0
F004232,18202,"Goat, forequarter, lean, baked, no added fat","Cooked meat from the forequarter portion of the carcase, with all internal and external fat removed.",30.8,0,4.2,0
F004233,18202,"Goat, forequarter, lean, raw","Raw meat from the fore portion of the carcase. Lean muscle meat only, with all possible internal and external separable fat removed.",21.6,0,1.8,0
F004234,18202,"Goat, leg, lean, baked, no added fat","Meat from the hind portion of the carcase, with all internal and external fat removed, roasted.",33.8,0,3.2,0
F004235,18202,"Goat, leg, lean, raw","Uncooked meat from the hind portion of the carcase, with all internal and external fat removed.",22.2,0,2.1,0
F004236,18202,"Goat, loin, lean, baked, no added fat","Meat from the loin of the carcase, with all internal and external fat removed, roasted.",29.2,0,3.1,0
F004237,18202,"Goat, loin, lean, raw","Uncooked meat from the loin of carcase, with all possible internal and external separable fat removed.",22.2,0,1.4,0
F004238,18202,"Goat, meat, all cuts, lean, baked, no added fat","Cooked goat meat from 3 different portions (forequarter, loin and leg) of the carcase. Lean muscle meat with internal and external fat removed.",31.3,0,3.5,0
F004239,18202,"Goat, meat, all cuts, lean, casseroled, no added fat","Cooked goat meat from 3 different portions (forequarter, loin and leg) of the carcase. Lean muscle meat with internal and external fat removed.",43.6,0,3.5,0
F004240,18202,"Goat, meat, all cuts, lean, raw","Raw goat meat from 3 different portions (forequarter, loin and leg) of the carcase. Lean muscle meat with internal and external fat removed.",22,0,1.8,0
F004241,18202,"Goat, meat, all cuts, untrimmed, baked, no added fat","Cooked goat meat from 3 different portions (forequarter, loin and leg) of the carcase. Lean muscle meat with internal and external fat attached.",29.2,0,9.5,0
F004242,18202,"Goat, meat, all cuts, untrimmed, casseroled, no added fat","Cooked goat meat from 3 different portions (forequarter, loin and leg) of the carcase. Lean muscle meat with internal and external fat attached.",37.8,0,10,0
F004243,18202,"Goat, meat, all cuts, untrimmed, raw","Raw goat meat from 3 different portions (forequarter, loin and leg) of the carcase. Lean muscle meat with internal and external fat attached.",21.2,0,5.6,0
F004244,16802,"Goji berry, dried",Small oblong berries that range from dark pink to red in colour. Dried before packaging without the addition of sugar or oil.,11.9,49.1,3.7,11.2
F004248,26301,"Snack, grain based, extruded, flavoured","Cereal based snack product made from wholegrain wheat, oats and corn, with added flavours including dairy-based powder.",7.4,54.2,22.6,6.9
F004253,16601,"Grape, black muscatel (muscat), raw","Full bodied, seeded grape, with a black crisp skin and juicy pulp.",1.1,18.8,0.1,2.7
F004254,16601,"Grape, black sultana, raw","Oval, black, seedless grape with crisp texture.",1.2,14,0.1,3.3
F004256,16601,"Grape, cornichon, raw","Elongated, purple coloured grape.",1.3,12.7,0.1,2.5
F004259,16601,"Grape, red globe, raw","Large red grape, with a crisp skin and juicy sweet pulp.",0.8,17.1,0.1,2.2
F004260,16601,"Grape, green, raw","Medium-sized, oval shaped grapes with light green skin and pale green flesh, seedless.",0.8,15.8,0,1
F004261,16601,"Grape, waltham cross, raw","Elongated oval grape, with a golden green firm skin and a sweet juicy pulp.",0.8,14.4,0.1,3.5
F004262,16303,"Grapefruit, yellow flesh, peeled, raw","Large, slightly tart citrus fruit. The rind is mostly yellow with a green or red tinge and yellow pulp.",0.9,6.5,0.2,2.2
F004263,23107,"Gravy powder, dry mix","Dry mix for reconstitution as sauce to be served with meat. Typical ingredients may include wheat flour, salt, colour, spices and vegetable protein.",8.9,54.7,6.2,0.1
F004265,23101,"Gravy, prepared from dry powder with water","Gravy powder prepared with water, according to packet instructions. Typical ingredients may include wheat flour, salt, colour, spices and vegetable protein.",0.7,4.5,0.5,0
F004286,16502,"Guava, Hawaiian, raw",Round to oblong shaped green skinned tropical fruit with pink flesh.,0.7,3.5,0.5,5.4
F004299,18602,"Ham, leg, lean","Cured leg ham containing pork, starch, salt, mineral salts, sugar, antioxidant, sodium nitrite, spices and water, with all separable fat removed.",17,2,2.5,1.8
F004358,13506,"Hamburger, white roll, beef patty, with cheese, onion, pickles & sauce, fast food chain","Commercially prepared hamburger containing a grilled beef burger patty, with processed cheese, pickles, sauce and onion in white bread roll, as served in fast food chains.",14.7,23.2,12.6,1.8
F004362,13506,"Hamburger, white roll, beef patty, with salad, independent takeaway outlet","Commercially prepared hamburger containing a grilled or pan fried beef burger patty and salad in a white bread roll, as served from an independent takeaway outlet.",12.1,18,9.2,2.6
F004380,27102,Honey,Sugar syrup made by bees using nectar from flowers.,0.3,72.3,0,0
F004389,13504,"Hot dog, bread roll, frankfurt & sauce filling","Fresh bread or bread roll containing a frankfurt, sauce and/or mustard.",10.6,27.4,7.6,2.5
F004415,27303,"Ice confection, stick or tub, fruit juice or fruit flavoured","Frozen fruit juice or fruit flavoured ice confection. typically made from sugar and fruit juices such as lemon, pineapple, passionfruit and orange. Frozen prior to sale and sold on a stick or in a tube. One of four samples does not contain fruit juice.",0.2,18.7,0.1,0
F004419,19503,"Ice confection, stick, milk-based, various flavours","Frozen flavoured ice confection typically made from sugar, skim milk/solids, whey and vegetable gums, sold on a stick. Include strawberry, banana and rainbow flavours.",2.9,19.8,5.3,0.2
F004421,27303,"Ice confection, stick, water-based, various flavours","Frozen water based ice confection made from sugar, food acid, vegetable gum, flavour and colour, sold on a stick.",0.2,17.1,0,0
F004507,19501,"Ice cream, vanilla flavour, premium or rich (~15% fat)","Vanilla ice cream. Major ingredients include cream, milk, sugar, gums and emulsifiers. Prepared by freezing rapidly with agitation to aerate the ice cream and give a light texture. Includes premium and gourmet ice creams with fat content ~15%. Some samples contain egg yolk.",3.2,22.5,13.5,0
F004508,19501,"Ice cream, vanilla flavour, regular fat","Commercial product prepared by mixing milk, sugar, gums, emulsifiers and vanilla flavour, then freezing rapidly with agitation to aerate the ice cream to give it a light texture. Includes varieties with a fat content of 11%. Some analysed samples contain egg yolk.",3.7,20.5,11.1,0
F004594,16502,"Jackfruit, peeled, raw","Rough fruit with light-green to yellow skin, composed of small spiny segments with a short stem and yellow flesh.",2.2,16.7,0.3,3
F004600,27201,"Jam, berry",A fruit-based jam or conserve with a thick consistency and high viscosity. Consists of a mixture of whole berries or berry pieces cooked in sugar and water.,0.3,67.3,0,1.6
F004604,27201,"Jam, plum",An fruit based jam or conserve made with an equal weight of either whole plums or large plum pieces and sugar cooked in water.,0.2,64.4,0,0.9
F004607,27201,"Jam, stone fruit",An fruit based jam or conserve made with an equal weight of either whole fruits or pieces of fruits such as apricot and sugar cooked in water.,0.2,64.4,0,0.9
F004611,27301,"Jelly crystals, sugar sweetened, all flavours","Coloured and flavoured dry crystals of sugar. Main ingredients include sucrose, citric acid, sodium and artificial colours and flavours.",7.1,90.7,0,0
F004615,27301,"Jelly, sugar sweetened, all flavours, prepared",Semi-solid water based dessert product prepared from packaged dried jelly crystals.,1,13.2,0,0
F004656,11301,"Juice, apple & blackcurrant, commercial",Commercial beverage prepared from crushed apples and blackcurrants. Does not contain added sugar.,0.2,9.3,0,0
F004663,11301,"Juice, apple, commercial, added vitamin C",Commercial beverage prepared by crushing apples and filtering or clarifying the resultant juice. Contains added vitamin C. Does not contain added sugar.,0.2,7,0,0.2
F004726,11301,"Juice, lemon",Commercial or homemade liquid prepared from the endocarp of lemons.,0.6,1.8,0.1,2
F004729,11301,"Juice, lime",Commercial or homemade liquid prepared from the endocarp of limes.,0.8,1.2,0.1,3.6
F004731,11301,"Juice, orange & mango, commercial","Commercial beverage prepared from 95% orange juice and 5% mango juice. Contains added vitamin C, but does not contain added sugar.",0.6,7.7,0,0.2
F004739,11301,"Juice, orange, commercial","Commercial beverage which is prepared from the endocarp of oranges. Contains added vitamin C, but does not contain added sugar.",0.8,6.8,0,0.3
F004780,24201,"Kale, fried, no added fat","A loose-leafed edible vegetable derived from the Brassicaceae family. The elongated leaves with wavy to frilled margins are typically blue-green in colour but can also be light green or purple, depending on the variety. Dry fried without the addition of fat.",4.7,0.4,0,7.5
F004781,24201,"Kale, raw","A loose-leafed edible vegetable derived from the Brassicaceae family. The elongated leaves with wavy to frilled margins are typically blue-green in colour but can also be light green or purple, depending on the variety.",3.3,0.3,0,5.2
F004786,18201,"Kangaroo, loin fillet, grilled, no added fat","Flesh from the loin portion of kangaroo, with all skin removed. Baked with no added fat.",30.1,0,1.2,0
F004787,18201,"Kangaroo, loin fillet, raw","Uncooked flesh from the loin region of kangaroo, with all skin removed.",21.4,0,0.9,0
F004789,18201,"Kangaroo, rump, baked, no added fat","Flesh from the rump portion of kangaroo, with all skin removed. Baked with no added fat.",33.9,0,2.5,0
F004790,18201,"Kangaroo, rump, raw","Uncooked flesh from the rump portion of an adult kangaroo, with all skin removed.",20.3,0,0.8,0
F004792,18201,"Kangaroo, tail, cooked, no added fat","Flesh from the tail portion of an adult small red kangaroo, with all skin removed. Cooked with no added fat.",24.4,0,1.3,0
F004793,18201,"Kangaroo, tail, raw","Uncooked flesh from the tail portion of an adult small red kangaroo, with all skin removed.",20,0,1.1,0
F004810,15101,"Kingfish, yellowtail, aquacultured, fillet, with skin, grilled, no added fat",Yellowtail kingfish flesh that has been cooked by any method.,31.3,0,17.4,0
F004811,15101,"Kingfish, yellowtail, aquacultured, fillet, with skin, raw",Uncooked yellowtail kingfish flesh.,22.9,0,12.7,0
F004812,15101,"Kingfish, yellowtail, aquacultured, fillet, with skin, steamed, no added fat",Yellowtail kingfish flesh with skin which has been cooked by steaming without added fat.,27.2,0,15.1,0
F004815,16601,"Kiwifruit, gold, peeled, raw","Oval shaped fruit, tapering at one end, with thin, brown, furry skin and gold-coloured flesh. Imported from New Zealand.",1.2,11.1,0.5,1.8
F004816,16601,"Kiwifruit, green (hayward), peeled, raw","Oval shaped fruit with thin, brown, furry skin and green flesh. Imported from New Zealand.",1.2,9.1,0.7,3
F004819,24201,"Kohlrabi, peeled, fresh, boiled, drained","A round, turnip like, purple or light green globe, with several stalks that sprout green leaves. Peeled and boiled in unsalted water, without added fat, then drained.",3.8,4.4,0.1,3.4
F004820,24201,"Kohlrabi, peeled, fresh, raw","A round, turnip like, purple or light green globe, with several stalks that sprout green leaves. Peeled and uncooked.",3.7,4.2,0.1,3.3
F004830,18102,"Lamb, all cuts, separable fat, cooked","Cooked internal and external separable fat from 11 different cuts of lamb from various regions of the carcase. Oven baked or grilled as purchased, still attached to the lean muscle meat, with no added fat to an internal temperature of 70 degrees celsius or until 'medium', then dissected.",16.2,0,53.4,0
F004831,18102,"Lamb, all cuts, separable fat, raw",Raw internal and external separable fat from 11 different cuts of lamb from various regions of the carcase.,10.8,0,57.6,0
F004883,18102,"Lamb, chop, with bone, forequarter, grilled, no added fat",Cooked lamb from the fore portion of the carcase. Grilled for 6-10 minutes until 'medium' with no added fat. Lean muscle meat with internal and external fat attached.,25.6,0,19.9,0
F004884,18102,"Lamb, chop, with bone, forequarter, lean, grilled, no added fat","Cooked lamb from the fore portion of the carcase. Grilled for 6-10 minutes until 'medium' with no added fat. Lean muscle meat only, with all possible internal and external separable fat removed after cooking.",28,0,11.4,0
F004885,18102,"Lamb, chop, with bone, forequarter, lean, raw","Raw lamb from the fore portion of the carcase. Lean muscle meat only, with all possible internal and external separable fat removed.",20.5,0,5.7,0
F004888,18102,"Lamb, chop, with bone, forequarter, untrimmed, raw",Raw lamb from the fore portion of the carcase. Lean muscle meat with internal and external fat attached.,17.4,0,22.4,0
F004898,18102,"Lamb, chop, with bone, chump, lean, grilled, no added fat","Cooked lamb from the hind portion of the carcase. Grilled for 6-10 minutes until 'medium' with no added fat. Lean muscle meat only, with all possible internal and external separable fat removed after cooking.",34.1,0,10.2,0
F004899,18102,"Lamb, chop, with bone, chump, lean, raw","Raw lamb from the hind portion of the carcase. Lean muscle meat only, with all possible internal and external separable fat removed.",22.5,0,4.3,0
F004910,18102,"Lamb, chop, with bone, chump, untrimmed, grilled, no added fat",Cooked lamb from the hind portion of the carcase. Grilled for 6-10 minutes until 'medium' with no added fat. Lean muscle meat with internal and external fat attached.,30,0,20,0
F004911,18102,"Lamb, chop, with bone, chump, untrimmed, raw",Raw lamb from the hind portion of the carcase. Lean muscle meat with internal and external fat attached.,19.6,0,17.5,0
F004918,18102,"Lamb, cutlet or frenched cutlet, with bone, lean, grilled, no added fat","Cooked lamb frenched cutlet or rack, from the midsection of the carcase. Lean muscle meat only, with all possible internal and external separable fat removed.",30.5,0,8.6,0
F004919,18102,"Lamb, cutlet or frenched cutlet, with bone, lean, raw","Raw lamb frenched cutlet or rack, from the midsection of the carcase. Lean muscle meat only, with all possible internal and external separable fat removed.",20.9,0,6.2,0
F004922,18102,"Lamb, cutlet or frenched cutlet, with bone, untrimmed, grilled, no added fat",Cooked lamb from the midsection of the carcase. Grilled for 6-10 minutes until 'medium' with no added fat. Lean muscle meat with internal and external fat attached.,27.2,0,18.9,0
F004923,18102,"Lamb, cutlet or frenched cutlet, with bone, untrimmed, raw",Raw lamb from the midsection of the carcase. Lean muscle meat with internal and external fat attached.,18.6,0,17.8,0
F004927,18102,"Lamb, diced, lean, casseroled, no added fat","Cooked lamb, purchased diced and likely to be from various regions of the carcase. casseroled with no added fat. Lean muscle meat only, with all possible internal and external separable fat removed after cooking.",32.2,0,6.2,0
F004928,18102,"Lamb, diced, lean, raw","Raw lamb, purchased diced or in strips. Lean muscle meat only, with all possible internal and external separable fat removed.",21.3,0,5.2,0
F004929,18102,"Lamb, diced, lean, stir-fried, no added fat","Cooked lamb, purchased diced and likely to be from various regions of the carcase. Fried for 3-5 minutes with no added fat. Lean muscle meat only, with all possible internal and external separable fat removed after cooking.",31.3,0,6.5,0
F004930,18102,"Lamb, diced, untrimmed, casseroled, no added fat","Cooked lamb, purchased diced and likely to be from various regions of the carcase. Casseroled with no added fat. Lean muscle meat with internal and external fat attached.",31.8,0,7.2,0
F004931,18102,"Lamb, diced, untrimmed, raw","Raw lamb, purchased diced and likely to be from various regions of the carcase. Lean muscle meat with internal and external fat attached.",21.1,0,6.2,0
F004932,18102,"Lamb, diced, untrimmed, stir-fried, no added fat","Cooked lamb, purchased diced and likely to be from various regions of the carcase. Fried for 3-5 minutes with no added fat. Lean muscle meat with internal and external fat attached.",31,0,7.6,0
F004947,18102,"Lamb, eye of loin, lean, microwaved, no added fat","Lamb from the midsection of the carcase. Lean muscle meat only, with all possible internal and external separable fat removed. Grilled for 6 minutes.",26.8,0,5.6,0
F004948,18102,"Lamb, eye of loin, lean, raw","Raw lamb from the midsection of the carcase. Lean muscle meat only, with all possible internal and external separable fat removed.",20.8,0,3.9,0
F004950,18102,"Lamb, eye of loin, untrimmed, microwaved, no added fat","Cooked lamb from the midsection of the carcase. Lean muscle meat only, with all internal and external separable fat. Cooked for 3-7 mins.",26.6,0,6.5,0
F004951,18102,"Lamb, eye of loin, untrimmed, raw","Raw lamb from the midsection of the carcase. Lean muscle meat only, with all internal and external separable fat.",20.6,0,5.3,0
F004953,18102,"Lamb, fillet, lean, grilled, no added fat","Lamb from the midsection of the carcase. Lean muscle meat only, with all possible internal and external separable fat removed. Grilled for 6 minutes.",27.5,0,5.5,0
F004954,18102,"Lamb, fillet, lean, raw","Raw lamb from the midsection of the carcase. Lean muscle meat only, with all possible internal and external separable fat.",19.8,0,4,0
F004955,18102,"Lamb, fillet, untrimmed, grilled, no added fat","Cooked lamb from the midsection of the carcase. Lean muscle meat only, with all internal and external separable fat. Grilled for 6 minutes.",27.2,0,6.6,0
F004956,18102,"Lamb, fillet, untrimmed, raw","Raw lamb from the midsection of the carcase. Lean muscle meat only, with all internal and external separable fat.",19.3,0,6.9,0
F005013,18102,"Lamb, leg roast, lean, raw","Raw lamb from the hind portion of the carcase. Lean muscle meat only, with all possible internal and external separable fat removed.",21.1,0,3.2,0
F005014,18102,"Lamb, leg roast, lean, roasted, no added fat","Cooked lamb from the hind portion of the carcase. Oven baked to an internal temperature of 70 degrees celsius with no added fat. Lean muscle meat only, with all possible internal and external separable fat removed after cooking.",30.6,0,6,0
F005017,18102,"Lamb, leg roast, untrimmed, raw",Raw lamb from the hind portion of the carcase. Lean muscle meat with internal and external fat attached.,19.4,0,12.3,0
F005018,18102,"Lamb, leg roast, untrimmed, roasted, no added fat",Cooked lamb from the hind portion of the carcase. Oven baked to an internal temperature of 70 degrees celsius with no added fat. Lean muscle meat with internal and external fat attached.,28.5,0,12.8,0
F005021,18401,"Lamb, liver, grilled, no added fat",Cooked liver tissue from a lamb.,21.5,2.6,10.2,0
F005026,18102,"Lamb, loin chop, lean, grilled, no added fat","Cooked lamb from the midsection of the carcase. Grilled for 6-10 minutes until 'medium' with no added fat. Lean muscle meat only, with all possible internal and external separable fat removed after cooking.",29.8,0,9.1,0
F005027,18102,"Lamb, loin chop, lean, raw","Raw lamb from the midsection of the carcase. Lean muscle meat only, with all possible internal and external separable fat removed.",28.6,0,5,0
F005043,18102,"Lamb, loin chop, untrimmed, grilled, no added fat",Cooked lamb from the midsection of the carcase. Grilled for 6-10 minutes until 'medium' with no added fat. Lean muscle meat with internal and external fat attached.,26.8,0,18.9,0
F005044,18102,"Lamb, loin chop, untrimmed, raw",Raw lamb from the midsection of the carcase. Lean muscle meat with internal and external fat attached.,22,0,24.4,0
F005049,18102,"Lamb, mince, raw",Raw minced lamb.,20.4,0,6.9,0
F005050,18102,"Lamb, mince, stir-fried, no added fat",Cooked mince lamb.,24.4,0,8.5,0
F005053,18102,"Lamb, mini roast, lean, roasted, no added fat","Cooked lamb from the hind portion of the carcase. Oven baked to an internal temperature of 70 degrees  celsius with no added fat. Lean muscle meat only, with all possible internal and external separable fat removed after cooking.",27.8,0,5.6,0
F005055,18102,"Lamb, mini roast, untrimmed, roasted, no added fat",Cooked lamb from the hind portion of the carcase. Oven baked to an internal temperature of 70 degrees  celsius with no added fat. Lean muscle meat with internal and external fat attached.,26.5,0,11,0
F005067,18102,"Lamb, roasting piece, shoulder, lean, roasted, no added fat","Cooked lamb from the fore portion of the carcase. Oven baked to an internal temperature of 70 degrees celsius with no added fat. Lean muscle meat only, with all possible internal and external separable fat removed after cooking.",29.6,0,5.4,0
F005074,18102,"Lamb, roasting piece, shoulder, lean, raw","Raw lamb from the fore portion of the carcase. Lean muscle meat only, with all possible internal and external separable fat removed.",18.2,0,4.3,0
F005077,18102,"Lamb, roasting piece, shoulder, untrimmed, raw",Raw lamb from the fore portion of the carcase. Lean muscle meat with internal and external fat attached.,16.5,0,16.6,0
F005078,18102,"Lamb, roasting piece, shoulder, untrimmed, roasted, no added fat",Cooked lamb from the fore portion of the carcase. Oven baked to an internal temperature of 70 degrees celsius with no added fat. Lean muscle meat with internal and external fat attached.,26.2,0,17.5,0
F005094,18102,"Lamb, steak, boneless, lean, grilled, no added fat","Raw lamb from the hind portion of the carcase. Lean muscle meat only, with all possible internal and external separable fat removed.",30.8,0,6.6,0
F005095,18102,"Lamb, steak, boneless, lean, raw","Raw lamb from the hind portion of the carcase. Lean muscle meat only, with all possible internal and external separable fat removed.",21.9,0,4.7,0
F005098,18102,"Lamb, steak, boneless, untrimmed, grilled, no added fat",Cooked lamb from the hind portion of the carcase. Oven baked to an internal temperature of 70 degrees celsius with no added fat. Lean muscle meat with internal and external fat attached.,29.2,0,11.9,0
F005099,18102,"Lamb, steak, boneless, untrimmed, raw",Raw lamb from the hind portion of the carcase. Lean muscle meat with internal and external fat attached.,20.4,0,11.8,0
F005120,18102,"Lamb, stir-fry strips, lean, casseroled, no added fat","Cooked lamb, purchased as strips and likely to be from various regions of the carcase. Casseroled with no added fat. Lean muscle meat only, with all possible internal and external separable fat removed after cooking.",32.2,0,6.2,0
F005121,18102,"Lamb, stir-fry strips, lean, raw","Raw lamb, purchased as strips and likely to be from various regions of the carcase. Lean muscle meat only, with all possible internal and external separable fat removed.",21.9,0,4.2,0
F005122,18102,"Lamb, stir-fry strips, lean, stir-fried, no added fat","Cooked lamb, purchased as strips and likely to be from various regions of the carcase. Fried for 3-5 minutes with no added fat. Lean muscle meat only, with all possible internal and external separable fat removed after cooking.",28.1,0,7.7,0
F005124,18102,"Lamb, stir-fry strips, untrimmed, casseroled, no added fat","Cooked lamb, purchased as strips and likely to be from various regions of the carcase. Casseroled with no added fat. Lean muscle meat with internal and external fat attached.",32,0,6.8,0
F005125,18102,"Lamb, stir-fry strips, untrimmed, raw","Raw lamb, purchased as strips and likely to be from various regions of the carcase. Lean muscle meat with internal and external fat attached.",21.6,0,5.7,0
F005126,18102,"Lamb, stir-fry strips, untrimmed, stir-fried, no added fat","Cooked lamb, purchased as strips and likely to be from various regions of the carcase. Fried for 3-5 minutes with no added fat. Lean muscle meat with internal and external fat attached.",28,0,8.3,0
F005138,18102,"Lamb, with bone, shin, lean, casseroled, no added fat","Cooked lamb shank or drumstick, from the fore and hind portions of the carcase. Lean muscle meat only, with all possible internal and external separable fat removed.",34.6,0,4.5,0
F005139,18102,"Lamb, with bone, shin, lean, raw","Raw lamb shank or drumstick, from the fore and hind portions of the carcase. Lean muscle meat only, with all possible internal and external separable fat removed.",23.9,0,1.9,0
F005142,18102,"Lamb, with bone, shin, untrimmed, casseroled, no added fat",Cooked lamb from the fore and hind portions of the carcase.  Casseroled with no added fat. Lean muscle meat with internal and external fat attached.,32,0,11.4,0
F005143,18102,"Lamb, with bone, shin, untrimmed, raw",Raw lamb from the fore and hind portions of the carcase. Lean muscle meat with internal and external fat attached.,21.7,0,11.2,0
F005145,13509,"Lasagne, beef, commercial, purchased frozen, baked","Commercially prepared pasta dish made from layers of minced beef, tomato sauce filling, savoury white cheese sauce and pasta. Purchased frozen, then baked at home before consumption.",6.6,11.8,6.6,2.1
F005146,13508,"Lasagne, beef, homemade","Home prepared pasta dish made from layers of pasta, bolognese sauce with added vegetables, savoury white cheese sauce and cheese (typically cheddar/mozzarella/parmesan).",9.9,16.2,8,1.4
F005158,31501,"Lecithin, soy, granules","Phospholipid-rich granular extract of soy beans, often used in baking and as an emulsifier, as purchased from supermarkets for domestic use.",6,4.9,62.4,15.1
F005162,24802,"Leek, fresh, boiled, drained","Long and cylindrical in shape, with thick white stalks and green fan-shaped leaves. Boiled in unsalted water, without added fat, then drained.",1.8,4.6,0.2,3.5
F005163,24802,"Leek, fresh, fried, no added fat","Long and cylindrical in shape, with thick white stalks and green fan-shaped leaves. Fried without added fat.",2,4.9,0.2,3.8
F005164,24802,"Leek, fresh, raw","Long and cylindrical in shape, with thick white stalks and green fan-shaped leaves. Uncooked.",1.6,4.1,0.2,3.1
F005172,16302,"Lemon peel, raw",The peel (Limonis Cortex) and the rind (flavedo) of fresh lemons.,1.5,0,0.3,10.6
F005174,16302,"Lemon, peeled, raw","Tart oval citrus fruit, with a yellow rind and pulp.",0.6,1.8,0.1,2
F005175,16804,"Lemon, preserved","Tart citrus fruit, with a yellow rind and pulp. Preserved in a lemon juice and salt brine. Typically, only the peel is consumed",0.7,1.3,0.1,3.2
F005177,25101,"Lentil, dried, boiled, drained","Small, lens-shaped, edible pulse with a red/orange, dusty green/brown or black/grey colour, cooked by boiling in unsalted water then draining.",7.3,11.9,0.5,4.1
F005178,25101,"Lentil, French, hulled, dry","Small, lens-shaped, edible pulse with a black/grey colour.",28.3,38.8,2,15
F005181,25101,"Lentil, green, hulled, dry","Small, lens-shaped, edible pulse with a dusty green/brown colour.",25.3,40.9,1.7,14.6
F005182,25101,"Lentil, hulled, dry","Small, lens-shaped, edible pulse with a red/orange, dusty green/brown or black/grey colour.",25.5,41.8,1.9,14.4
F005184,25101,"Lentil, red, hulled, dry","Small, lens-shaped, edible pulse with a red/orange colour.",23,45.7,1.9,13.7
F005191,24401,"Lettuce, cos, raw","Green, crisp, elongated leaves, tightly wrapped to form an elongated head. Uncooked.",1.2,1.8,0.2,1.8
F005192,24401,"Lettuce, iceberg, raw","Round in shape, with packed layers of crisp green leaves. Uncooked.",1,2.1,0,1.1
F005193,24401,"Lettuce, mignonette, raw","Round in shape, with curled layers of crisp leaves which vary in colour from green to deep red/purple. Uncooked.",1.3,1.1,0.3,1.4
F005198,16302,"Lime, native, fruit","Small, round fruit with a bitter and tart citrus flavour, light green or yellow in colour. Supplied commercially in frozen state.",0.1,0.4,2.7,3.6
F005199,16302,"Lime, peeled, raw",Tart round/oval citrus fruit with light greenish-yellow rind and pulp when ripe.,0.8,1.2,0.1,3.6
F005213,28401,"Liquorice, allsorts",Confectionery product that consists of layers of liquorice and a soft sugar-based confectionery.,2.3,88.1,0.3,1.4
F005214,28401,"Liquorice, black","Aniseed flavoured confectionery prepared from wheat flour, molasses or treacle, sugar, salt, vegetable oil, colours and flavours. Sold in pieces or strips.",5.7,70.3,0.8,3.5
F005215,28103,"Liquorice, chocolate-coated",Aniseed flavoured confectionery covered in a layer of milk chocolate.,6.3,66,9.7,3.2
F005227,15201,"Lobster or crayfish, flesh, purchased steamed, poached or boiled, no added fat",Flesh from lobsters cooked whole in water or steam prior to purchase so that the lobster is red in colour.,22.5,0,0.8,0
F005228,15201,"Lobster, southern rock, wild, flesh, raw",Uncooked flesh from lobsters.,20.2,0,0.7,0
F005235,28401,"Lolly, hard varieties","Hard confectionery products such as Life Savers, Fruit Tingles and Steam Rollers.",0,98.4,0,0
F005236,28401,"Lolly, jelly varieties","Soft, jelly confectionery products such as jelly babies, fruit rings, pastilles, fruit gums, jubes.",3.9,75.1,0,0
F005241,28401,"Lolly, mint flavoured, sugar sweetened",Small round white balls approximately 1 cm in diameter with a hard outer layer and a soft chewy peppermint nougat filling.,0.1,93.3,2,0
F005244,16103,"Loquat, peeled, raw",Small round yellow/orange fruit with white/yellow/orange flesh.,1,4.9,0.2,1.7
F005248,25101,"Lupin, dehulled, flakes, uncooked","Small oval shaped, creamy yellow or white coloured raw beans with or without brown mottling, from the pod of lupin plant species. Includes Australian sweet lupin (Lupinus angustifolius) species. Lupin flakes are formed by heating and rolling the dehulled lupin split.",36.9,10,7.7,27
F005249,25101,"Lupin, dehulled, splits, uncooked","Small oval shaped, creamy yellow or white coloured raw beans with or without brown mottling, from the pod of lupin plant species. Includes Australian sweet lupin (Lupinus angustifolius) species. Lupin splits are inner kernels which have been halved and separated from the coat/hull.",37.5,10,7.9,27.8
F005250,25101,"Lupin, whole, uncooked","Small oval shaped, creamy yellow or white coloured raw beans with or without brown mottling, from the pod of lupin plant species. Includes Australian sweet lupin (Lupinus angustifolius) species. Whole lupin grain includes the thick seed coat/hull and inner kernel.",28.6,7.4,6.5,41.5
F005255,16502,"Lychee, peeled, raw",Small round to oval shaped fruit with a scaly reddish to reddish-brown skin and off-white flesh.,0.8,16.8,0,1.2
F005259,13508,"Macaroni & cheese, homemade, cooked unfilled pasta, homemade cheese sauce","Home prepared pasta dish made from macaroni pasta, and a cheese based sauce commonly containing cheddar cheese, parmesan cheese, cream and milk.",6.4,21.5,5.5,1.7
F005267,15101,"Mackerel, grilled, no added fat",Mackerel cooked by any method.,26.4,0,8.6,0
F005268,15101,"Mackerel, raw",Uncooked mackerel with or without skin.,19.3,0,6.3,0
F005270,15101,"Mackerel, steamed, no added fat","Mackerel, with or without skin, cooked by steaming without any added fat.",23,0,7.5,0
F005279,12101,"Maize, grits, uncooked","Small, yellow, broken grains of corn.",8.1,73.3,1.3,2.7
F005288,16304,"Mandarin, canned in syrup",Mandarin segments canned in sugar syrup.,0.4,13.5,0.1,0.6
F005289,16304,"Mandarin, canned in syrup, drained","Mandarin segments canned in sugar syrup, then drained.",0.5,13.8,0.2,1.1
F005292,16304,"Mandarin, canned in syrup, syrup only","Syrup made from water and sugar, used in canned mandarins.",0.2,13.2,0,0
F005293,16303,"Mandarin, peeled, raw",Citrus fruit with an orange peel and flesh. Imperial cultivar of mandarin.,0.8,9.8,0.2,1.6
F005299,16502,"Mango, peeled, raw",Tropical fruit with a smooth reddish to orange skin and orange flesh.,0.4,12.6,0,1.3
F005300,16503,"Mango, pulped, canned",Canned mango pulp. Contains added sugar.,0.4,14,0,1.2
F005309,14303,"Margarine spread, monounsaturated (>65% fat)","A monounsaturated edible oil spread containing approximately 65%  or more edible oils including canola oil, olive oil or blends of monounsaturated oils. Contains added salt and vitamins A and D.",0.5,0,67.3,0
F005310,14303,"Margarine spread, monounsaturated (>65% fat), reduced salt (sodium 360 mg/100 g)","A monounsaturated edible oil spread containing approximately 65% monounsaturated edible oils including canola oil, olive oil or blends of monounsaturated oils. Formulated to have a reduced salt content. Contains added vitamins A and D.",1,0,68.9,0
F005319,14303,"Margarine spread, monounsaturated (~70% fat), reduced salt (sodium 350 mg/100 g), added phytosterols","A monounsaturated edible oil spread containing approximately 70% monounsaturated edible oils including canola oil, olive oil or blends of monounsaturated oils. Formulated to have a reduced salt content. Contains added vitamins A and D and phytosterols.",0.7,0,75.9,0
F005345,14304,"Margarine spread, monounsaturated, reduced fat (<65%)","A monounsaturated edible oil spread containing less than 65% edible oils including canola oil, olive oil or blends of monounsaturated oils. Contains added salt and vitamins A and D.",1,0,48,0
F005352,14304,"Margarine spread, monounsaturated, reduced fat (~55%) & salt (sodium 380 mg/100 g)","A monounsaturated edible oil spread containing approximately 55% monounsaturated edible oils including canola oil, olive oil or blends of monounsaturated oils. Formulated to have a reduced salt content. Contains added vitamins A and D",1,0,51.5,0
F005370,14301,"Margarine spread, polyunsaturated (~70% fat)","A polyunsaturated edible oil spread containing approximately 70% fat, the majority of which are polyunsaturated edible oils (including sunflower oil). Contains added salt and vitamins A and D.",0,0,69,0
F005373,14301,"Margarine spread, polyunsaturated (~70% fat), reduced salt (sodium 280 mg/100 g)",A polyunsaturated edible oil spread containing approximately 70% polyunsaturated edible oils (including sunflower oil). Formulated to have a reduced salt content. Contains added vitamins A and D.,1,0,70.8,0
F005421,27201,"Marmalade, orange",A sugary fruit preserve with a lumpier consistency than jam as both the skin and pulp of the orange is used in its making.,0.1,65.5,0,0.8
F005437,23302,"Mayonnaise, low fat, commercial","A white, emulsified sauce with a similar thick consistency to cream, using lower levels of oil to develop a product with a low fat content. Used in sandwiches and to dress salads. Major ingredients include oil, sugar and vinegar.",0.5,27.1,1.8,0
F005441,23301,"Mayonnaise, traditional (>65% fat), commercial","Commercially prepared white, emulsified sauce with a similar thick consistency to cream. Used in sandwiches or to dress salads. Major ingredients include oil, sugar, vinegar and egg.",0.8,8.7,67.2,0.5
F005484,18706,"Meatball or rissole, beef, commercial, cooked","Raw commercial meatball or rissole containing minced meat, onion, salt, sugar, spices and bread crumbs, cooked without fat or oil.",20.9,2.7,22,1.4
F005513,24705,"Melon, bitter, fresh, raw",Cylindrically shaped fruiting vegetables that turns orange to red in colour when ripe. The raw flesh is bitter tasting. Uncooked.,0.9,0.2,0,3.3
F005514,24705,"Melon, hairy, fresh, raw","A long, thin, green fruiting vegetable with a smooth waxy rind covered in short fine hairs. Uncooked.",0.7,2,0,2.1
F005515,16601,"Melon, honey dew, peeled, raw",White/cream or yellow skinned melon with green flesh.,0.4,6.9,0,0.8
F005516,16601,"Melon, honey dew, white skin, peeled, raw",White/cream skinned melon with green flesh.,0.7,7.1,0.3,1
F005517,16601,"Melon, honey dew, yellow skin, peeled, raw",Yellow skinned melon with white or green flesh.,0.8,4.4,0.3,0.9
F005519,16601,"Melon, rockmelon, peeled, raw","Round green skinned fruit with brown netting, orange flesh and a sweet and smooth texture.",0.6,4.8,0,1
F005520,16601,"Melon, watermelon, peeled, raw",Large oval fruit with a thick green skin and a pink to red flesh containing black seeds. Skin and seeds removed.,0.6,7.1,0,0.4
F005522,27301,"Meringue, all flavours, commercial",A baked dessert with a crisp exterior and chewy interior made from beaten egg whites with added sugar and colours and flavours. Commonly served plain or topped with cream and fruit.,2.6,90.1,1.4,0
F005580,19105,"Milk, cow, canned, evaporated, reduced fat (~2%)",Canned milk prepared by evaporating approximately 60% of the water content of regular fat and skim cows milk prior to sterilisation. Formulated to have a fat content of 2%.,7.8,10.6,2.1,0
F005581,19105,"Milk, cow, canned, evaporated, regular",Canned milk prepared by evaporating approximately 60% of the water content of regular fat cows milk prior to sterilisation.,7.5,10,8.2,0
F005582,19105,"Milk, cow, canned, sweetened, condensed, regular",Milk product prepared by adding sugar to regular fat cows milk prior to evaporation of approximately 50% of the water content. Includes both canned and tube varieties.,8.3,55,9.2,0
F005587,19802,"Milk, cow, fluid, flavoured, chocolate, reduced fat","Reduced fat cows milk (1-2% milk fat) with added cocoa powder, sugar and flavours.",3.3,8.6,1.9,0
F005598,19102,"Milk, cow, fluid, lactose free, reduced fat (~1%)",Australian produced regular fat cows milk. Lactase enzyme added to pre-digest naturally-occurring lactose. Supplied with a fat content of 1%.,3.3,4.9,1.1,0.1
F005599,19101,"Milk, cow, fluid, lactose free, regular fat (~3.5%)",Australian produced regular fat cows milk. Lactase enzyme added to pre-digest naturally-occurring lactose. Supplied with a fat content of 3.5%.,3.1,4.7,3.1,0
F005602,19101,"Milk, cow, fluid, prepared from dry powder, regular fat, standard dilution",Cows milk prepared by mixing regular fat milk powder with water according to label directions as consumed during the 2023 National Nutrition and Physical Activity Survey.,3.6,6.1,3.6,0
F005605,19103,"Milk, cow, fluid, prepared from dry powder, skim, standard dilution",Cows milk prepared by mixing skim milk powder with water according to label directions as consumed during the 2023 National Nutrition and Physical Activity Survey.,3.7,6,0.1,0
F005614,19102,"Milk, cow, fluid, reduced fat (~1%)",Australian produced reduced fat cows milk. Supplied with fat content of approximately 1%.,3.3,4.8,1.2,0
F005621,19104,"Milk, cow, fluid, reduced fat (~1.5%), added omega 3 polyunsaturates","Australian produced reduced fat cows milk. Supplied with a fat content of approximately 1%, with added sources of omega-3 fatty acids.",4.5,5.1,1.4,0
F005634,19101,"Milk, cow, fluid, regular fat (~3.5%)",Australian produced regular fat cows milk. Supplied with a minimum fat content of 3.2 g milk fat/100 g.,3.3,5.4,3.4,0
F005635,19104,"Milk, cow, fluid, regular fat (~3.5%), added omega 3 polyunsaturates",Australian produced regular fat cows milk to which sources of omega-3 fatty acids are added. Supplied with fat content of approximately 3.4%.,3.1,5.1,3.2,0
F005637,19103,"Milk, cow, fluid, skim (~0.15% fat)",Australian produced cows skim milk. Supplied with a maximum fat content of 0.15%.,3.6,5.3,0,0
F005647,32103,"Milk, human/breast, mature, fluid",Mammary secretion of human mothers.,1.3,6.8,4.2,0
F005648,19106,"Milk, cow, powder, regular fat","Regular fat cows milk powder, prepared by removing water from regular fat milk by spray-drying. May also contain lecithin. Includes fortified and unfortified varieties.",25.3,43,25.6,0
F005649,19106,"Milk, cow, powder, regular fat, added vitamins A & D","Regular fat cows milk powder, prepared by removing water from regular fat milk by spray-drying. Contains added vitamins A and D. May also contain lecithin.",25.3,43,27.3,0
F005650,19106,"Milk, cow, powder, regular fat, unfortified","Regular fat cows milk powder, prepared by removing water from regular fat milk by spray-drying. May also contain lecithin.",25.3,43,25.2,0
F005652,19106,"Milk, cow, powder, skim","Cows skim milk powder, prepared by removing the majority of water from skim cows milk by spray drying.",34.9,56,0.8,0
F005658,15101,"Milkfish, aquacultured, fillet, grilled, no added fat","Milkfish produced by aquaculture and imported into Australia, that has been grilled with no added fat",32,0,14.7,0
F005659,15101,"Milkfish, aquacultured, fillet, raw",Uncooked milkfish produced by aquaculture and imported into Australia.,23.4,0,10.7,0
F005660,15101,"Milkfish, aquacultured, fillet, steamed, no added fat","Milkfish produced by aquaculture and imported into Australia, that has been steamed without added fat.",27.8,0,12.8,0
F005690,12101,"Millet, boiled, no added fat or salt","Hulled cereal grain, cooked in water by the absorption method, without the addition of fat or salt.",3.3,22.1,1.1,1.2
F005692,12101,"Millet, uncooked",Uncooked hulled cereal grain.,10.2,67.4,3.5,3.7
F005694,11605,"Mineral water, citrus flavoured","Carbonated, non-alcoholic beverage containing 5% citrus juice (orange and lemon), mineral water and sugar.",0,3.7,0,0
F005696,11802,"Mineral water, natural, unflavoured","Carbonated or naturally sparkling ground water obtained from subterranean water-bearing strata that, in its natural state, contains soluble matter. No added sugar or flavours.",0,0,0,0
F005700,24403,"Mint, fresh, raw","Fresh medium sized green leaves, with a distinct sweet smell and taste. Uncooked.",3.1,4.4,1.1,7.2
F005701,29505,Mirin,"Commercially prepared rice based sweet cooking wine, commonly used in Japanese style cooking.",0.3,26.6,0,0
F005702,25201,"Paste, soybean",A thick paste made from fermented and processed soya beans mixed with grain and injected with a yeast mould.,12.9,19.7,5.1,4.3
F005712,16802,Mixed dried fruit,"Mixture of various types of dried fruits such as sultanas, currants, citrus peel, raisins, cherries.",2.2,73.6,0.7,3.3
F005813,24803,"Mixed vegetables, purchased frozen, carrot, corn & pea/bean, boiled, drained","Commercial frozen mix of vegetables that includes carrot, peas, swede, green beans and sweetcorn. Boiled in unsalted water, without added fat, then drained.",1.8,5.9,0.3,5.9
F005823,15101,"Morwong, fillet, grilled, no added fat",Morwong fillet that has been grilled with no added fat.,26.5,0,7.9,0
F005824,15101,"Morwong, fillet, raw",Uncooked morwong fillet.,19.4,0,5.8,0
F005825,15101,"Morwong, fillet, steamed, no added fat",Morwong fillet that has been steamed with no added fat.,23,0,3.7,0
F005856,12511,"Muesli, toasted, added dried fruit & nuts, unfortified","Breakfast cereal made from rolled oats, dried fruit and other ingredients such as nuts, coconut and seeds, and then toasted with the addition of vegetable oil. Does not contain added vitamins or minerals.",8.9,56.6,13.3,11.4
F005857,12511,"Muesli, untoasted or natural style, added dried fruit, unfortified","Breakfast cereal made from rolled oats, dried fruit (including sultanas, currants, apricot, pawpaw, banana, apple and pineapple) and other ingredients including wheat bran, wheat germ, sugar, and/or seeds. Includes mueslis with a small amount of added nuts (less than 3%) including almond, coconut, walnut, hazelnut and pecans. Does not contain added vitamins or minerals.",10.8,59.2,10.8,9.4
F005877,13303,"Muffin, cake-style, berry, commercial","Cake style muffin with added berries, such as blueberries and raspberries.",5.2,44.4,15.6,1.9
F005882,13303,"Muffin, cake-style, chocolate chip, commercial",Cake style muffin with added chocolate chips.,6.4,48.1,17.7,1.4
F005896,12301,"Muffin, English style, from white flour",A round yeasted dough made from white wheat flour (approximately 8.5 cm in diameter and 2 cm thick) that has been baked. Contains added folic acid and iodised salt.,10.1,38.7,2.1,3.2
F005897,12301,"Muffin, English style, from white flour, added dried fruit, toasted",A round yeasted dough made from white wheat flour with added dried fruit and spice (approximately 8 cm in diameter and 2 cm thick) that has been baked. Contains added folic acid and iodised salt. Cooked by toasting after purchase until lightly brown.,9.7,46.4,2,3.6
F005898,12301,"Muffin, English style, from white flour, toasted",A round yeasted dough made from white wheat flour (approximately 8.5 cm in diameter and 2 cm thick) that has been baked. Contains added folic acid and iodised salt. Cooked by toasting after purchase until lightly brown.,11,42.1,2.3,3.4
F005916,16201,"Mulberry, raw",Glossy dark red to black coloured berry with sweet juicy flavour.,2.2,4.3,0.2,2.2
F005921,15101,"Mullet, yelloweye, fillet, baked, no added fat","Mullet with or without skin, cooked by any method.",26.4,0,8.2,0
F005922,15101,"Mullet, yelloweye, fillet, raw",Uncooked mullet fillet caught in Australian waters.,19.2,0,6,0
F005923,15101,"Mullet, yelloweye, fillet, steamed, no added fat","Yelloweye mullet fillet caught in Australian waters, steamed with no added fat.",22,0,5,0
F005926,15101,"Mulloway, fillet baked, no added fat","Mulloway with or without skin, cooked by baking with no added fat or oil.",28.2,0,3.2,0
F005930,15101,"Mulloway, fillet, raw",Uncooked mulloway flesh.,20.6,0,2.3,0
F005932,15101,"Mulloway, fillet, steamed, no added fat",Mulloway flesh that has been steamed with no added fat.,23.2,0,3.9,0
F005945,24703,"Mushroom, common, fresh, fried, no added fat","Cultivated mushrooms that are cream in colour with brown gills, a rounded cap and thick stem. Vary in size and includes mushrooms described as button and flat. Baked, roasted, fried, stir-fried, grilled or BBQ'd without added fat.",5,3.1,1.4,2.7
F005946,24703,"Mushroom, common, fresh, raw","Cultivated mushrooms that are cream in colour with brown gills, a rounded cap and thick stem and varying in size. It includes mushrooms described as button and flat. Uncooked.",2.2,2,0.8,1.4
F005948,24703,"Mushroom, common, vitamin D enhanced, fresh, fried, no added fat","Cultivated, vitamin D enriched mushrooms that are cream in colour with brown gills, a rounded cap and thick stem. Vary in size and includes mushrooms described as button and flat. Fried without added fat.",4,2.3,0.7,2.5
F005949,24703,"Mushroom, common, vitamin D enhanced, fresh, raw","Cultivated vitamin D enriched mushrooms that are cream in colour with brown gills, a rounded cap and thick stem. Vary in size and includes mushrooms described as button and flat. Uncooked.",2.2,1.3,0.4,1.4
F005968,15202,"Mussel, blue, steamed","Flesh of a mussel that has a blue or purple tinged shell, that has been steamed with no added fat.",16,4.7,2.3,0
F005972,31302,Mustard powder,"Dry powder composed of ground yellow mustard seeds, for use in preparation of mustard paste or incorporation into other foods.",29.4,17.2,39.5,5
F005973,23102,"Mustard, cream style","Yellowish paste prepared from ground mustard seeds (typically 10 - 30% of total product), water, vinegar, salt and herbs or other spices. Sold packaged in jars and used as a condiment without further preparation.",5.8,6.2,3.1,4.1
F005976,18102,"Mutton, all cuts, separable fat, cooked","Cooked mutton fat from various regions of the carcase. Oven baked or casseroled as purchased, still attached to the lean muscle meat, with no added fat to an internal temperature of 70 degrees celsius or for 2 hours, then dissected.",10.7,0,67.9,0
F005977,18102,"Mutton, all cuts, separable fat, raw",Raw mutton fat from various regions of the carcase. Internal and external separable fat only.,8.2,0,64.4,0
F005978,18102,"Mutton, boneless dice or strips, shoulder, lean, casseroled, no added fat","Cooked lamb from the fore portion (shoulder) of the carcase. Browned, simmered in minimal water for 2 hours then drained. Lean muscle meat only, with all possible internal and external separable fat removed after cooking.",36.4,0,11.4,0
F005979,18102,"Mutton, boneless dice or strips, shoulder, lean, raw","Raw mutton from the fore portion (shoulder) of the carcase. Lean muscle meat only, with all possible internal and external separable fat removed.",21.3,0,4.2,0
F005980,18102,"Mutton, boneless dice or strips, shoulder, semi-trimmed, casseroled, no added fat","Raw mutton from the fore portion (shoulder) of the carcase. Browned, simmered in minimal water for 2 hours then drained. Lean muscle meat with some inseparable internal fat. Majority of internal and external separable fat removed after cooking.",35.2,0,13.9,0
F005982,18102,"Mutton, boneless dice or strips, shoulder, untrimmed, casseroled, no added fat","Raw mutton from the fore portion (shoulder) of the carcase. Browned, simmered in minimal water for 2 hours then drained. Lean muscle meat with internal and external fat attached.",34.9,0,14.7,0
F005983,18102,"Mutton, boneless dice or strips, shoulder, untrimmed, raw",Raw mutton from the fore portion (shoulder) of the carcase. Lean muscle meat with internal and external fat attached.,20,0,10.2,0
F005997,18102,"Mutton, roasting piece, with bone, leg, lean, raw","Raw mutton. Lean muscle meat only, with all possible internal and external separable fat removed.",21.6,0,3.8,0
F005998,18102,"Mutton, roasting piece, with bone, leg, lean, roasted, no added fat","Cooked mutton. Lean muscle meat only, with all possible internal and external separable fat removed.",29.8,0,7.7,0
F006001,18102,"Mutton, roasting piece, with bone, leg, untrimmed, raw",Raw mutton from the hind portion of the carcase. Lean muscle meat with internal and external fat attached.,19.6,0,12.9,0
F006002,18102,"Mutton, roasting piece, with bone, leg, untrimmed, roasted, no added fat",Cooked mutton from the hind portion of the carcase. Oven baked to an internal temperature of 70 degrees celsius with no added fat. Lean muscle meat with internal and external fat attached.,26.8,0,17.2,0
F006021,16401,"Nectarine, yellow, unpeeled, raw",Small stone fruit with a reddish/orange skin and orange flesh.,0.8,7.9,0,1.6
F006030,26401,"Noodle snack, wheat, flavoured, dry",Dry noodles made from pregelatinised wheat starch and eaten as a snack.,10.4,60,23.6,1.7
F006038,12403,"Noodle, rice stick, boiled, drained","Commercially prepared noodles made from a paste of water and ground rice, or rice with cornflour, which are then dried and coiled. Cooked by boiling without added fat or salt and then drained.",2.5,26.1,0,0.7
F006042,12403,"Noodle, soba, boiled, drained","Commercially prepared dry noodles made from a mix of wheat and buckwheat flour, boiled in unsalted water and then drained.",3.6,21.5,0.4,1.6
F006043,12403,"Noodle, soba, dry",Commercially prepared dry noodles made from a mix of wheat and buckwheat flour. Uncooked.,11.9,71.2,1.3,5.3
F006044,12401,"Noodle, wheat with egg, plain, boiled, no added fat",The dough made by combining wheat flour or semolina (preferably durum wheat) with eggs. Cooked by boiling without added fat or salt.,7.5,29.1,1.4,2.6
F006048,12401,"Noodle, wheat, fresh, soaked, drained","Commercially prepared, moist, wheat based noodle, commonly used in Asian style cooking. Includes noodles described as Hokkien, Singapore and Chow Mein noodles. Cooked by boiling without added fat or salt.",6.3,26.5,1,1.7
F006053,12402,"Noodle, wheat, instant, flavoured, boiled, drained","Commercially prepared noodle made from wheat flour, vegetable oil, salts and vegetable gums, coiled into blocks and dried before packaging. Cooked by heating in boiling water with contents of flavour sachet. Drained of excess water.",3.8,17.6,6.2,1.2
F006054,12402,"Noodle, wheat, instant, flavoured, boiled, undrained","Commercially prepared noodle made from wheat flour, vegetable oil, salts and vegetable gums, coiled into blocks and dried before packaging. Cooked by heating in boiling water with contents of favour sachet. Undrained of excess water.",1.4,6.6,2.3,0.4
F006055,12402,"Noodle, wheat, instant, flavoured, dry, uncooked","Commercially prepared noodle made from wheat flour, vegetable oil, salts and vegetable gums, coiled into blocks and dried before packaging. Includes contents of flavour sachet. Uncooked.",11,54,19.1,3.7
F006066,12402,"Noodle, wheat, instant, unflavoured, boiled, drained","Commercially prepared noodle made from wheat flour, vegetable oil, salts and vegetable gums, coiled into blocks and dried before packaging. Cooked by heating in boiling water without contents of flavour sachet. Drained of excess water.",3.8,17.6,6.2,1.2
F006067,12402,"Noodle, wheat, instant, unflavoured, boiled, undrained","Noodle made from wheat flour, vegetable oil, salts and vegetable gums, coiled into blocks and dried before packaging. Cooked by heating in boiling water. Undrained of excess water.",1.4,6.6,2.3,0.4
F006068,12402,"Noodle, wheat, instant, unflavoured, dry, uncooked","Commercially prepared noodle made from wheat flour, vegetable oil, salts and vegetable gums, coiled into blocks and dried before packaging. Does not include contents of flavour sachet. Uncooked.",11,54,19.1,3.7
F006077,22204,"Nut, almond meal",Almond kernel briefly heated in boiling water to remove skin and ground to form a meal.,19.7,5.4,50.5,11
F006081,22204,"Nut, almond, with skin, raw, unsalted",Raw natural almond kernels with a brown skin and a creamy coloured nut.,19.7,5.4,50.5,11
F006082,22204,"Nut, almond, with skin, roasted, unsalted","Almond kernels with a brown skin and creamy coloured nut, that have been roasted without added salt.",19.7,5.4,52.5,11
F006087,22204,"Nut, brazil, raw or blanched, unsalted","Raw long, three sided creamy coloured nut with a dark brown skin, enclosed in a 3 sided, tough, dull brown-grey shell, without added salt. Generally sold without the shell and are usually imported into Australia from South America.",14.4,2.4,68.5,8.5
F006088,22204,"Nut, cashew, raw, unsalted","Raw, cream coloured kidney shaped nut without added salt.",17,22.9,49.2,5.9
F006090,22204,"Nut, cashew, roasted, salted","Cream coloured kidney shaped nut, that have been roasted with added salt.",17,26.7,48.5,3
F006092,22204,"Nut, cashew, roasted, unsalted",Raw cashew that has been roasted and has no salt added.,17,26.8,47.7,3.4
F006095,22204,"Nut, chestnut, raw, unsalted","Raw large, round, grey-white fleshy nut, pointed at the top, with a thin brown skin inside a smooth, glossy brown, soft shell, without added salt.",3.4,32.1,0.2,14.9
F006096,22204,"Nut, chestnut, roasted, unsalted","Large, round, grey-white fleshy nut, pointed at the top, with a thin brown skin inside a smooth, glossy brown, soft shell, that have been roasted on a fire or in an oven without added salt.",3.4,35.7,1.2,8
F006098,22204,"Nut, hazelnut, raw, unsalted","Raw small, light brown, round nut with point at the top, and a thin brown skin, inside a smooth, hard shell with a rough round area at the base, without added salt.",14.8,5.1,61.4,10.4
F006099,22204,"Nut, macadamia, raw, unsalted","Raw light brown, smooth, spherical nut, with a very hard, smooth brown shell, covered with either a smooth or a slightly rough brown husk, without added salt.",6.5,4.6,76.7,7.9
F006107,22201,"Nut, peanut, with skin, raw, unsalted","Raw kernels with reddish brown skin produced after removing the shell, without added salt.",24.7,8.9,47.1,8.2
F006108,22201,"Nut, peanut, with skin, roasted, with oil, salted","Kernels with reddish brown skin produced after removing the shell, that have been roasted with oil and with added salt. Commonly called Beer Nuts.",24.4,14.4,51.7,8.3
F006109,22201,"Nut, peanut, without skin, roasted, with oil, salted","Kernels that have had the reddish brown skin removed, and have been roasted with oil and with added salt.",25.1,14.1,52.8,6.2
F006110,22201,"Nut, peanut, without skin, roasted, with oil, unsalted","Kernels that have had the reddish brown skin removed, and have been roasted with oil and without added salt.",25.1,14.1,52.8,6.2
F006111,22204,"Nut, pecan, raw, unsalted","Raw elliptical nut with a thin, brown shell, sometimes with a black strip covered by a husk, without added salt.",9.8,4.9,71.9,8.4
F006112,22204,"Nut, pine, raw, unsalted","Raw, small cream coloured, soft kernel, which is shed from the woody scales of the mature pine cone when it opens out, without added salt. Generally sold without shell and imported in Australia from China and European countries.",13,4.5,70,5.1
F006113,22204,"Nut, pistachio, raw, unsalted","Raw small green kernel, covered with a thin skin, encased in a smooth, cream coloured, brittle shell which separates from the kernel, without added salt. Shell removed.",17,7.8,48.6,7.7
F006116,22204,"Nut, walnut, raw, unsalted","Raw walnut kernels, described as either brown (sold for baking purposes) or golden (sold for direct consumption), without added salt. Includes samples originating from China and India.",14.4,3,69.2,6.4
F006118,31302,"Nutmeg, dried, ground","Dried and ground seed of Myristica fragrans (M. officinalis or M. aromatica), used as a spice.",5.8,28.5,36.3,20.8
F006131,20104,"Oat beverage, fluid, added Ca","A dairy milk substitute made from filtered water, oats, sunflower oil and salt. Contains added calcium.",1.3,10.2,0.8,0.3
F006132,20103,"Oat beverage, fluid, unfortified","A dairy milk substitute made from filtered water, oats, sunflower oil and salt, without added vitamins and minerals.",1.3,10.2,0.8,0.3
F006134,12101,"Oat bran, unprocessed, uncooked","The rough outer covering of the oat (located under the husk), that has not undergone further processing other than packaging.",16.7,45,9.3,16.7
F006136,12101,"Oats, hulled, uncooked","A tan coloured, oval-shaped, cylindrical grain that have had their outer husk removed. Uncooked.",12.5,55.5,9.8,8.6
F006141,12601,"Oats, rolled, mixed with sugar or honey & other flavours, uncooked","Quick cooking rolled oats, sold mixed with honey and sugar and other flavours to be used to prepare a hot, porridge-style breakfast dish. Uncooked.",8.3,69.1,7.5,7.5
F006143,12101,"Oats, rolled, uncooked",Crushed grain produced by steaming and flattening with hot rollers. No further cooking. Includes traditional and quick cooking styles.,12.2,54.5,9.5,9.5
F006148,15202,"Octopus, boiled, no added fat",Octopus flesh that has been boiled with no added fat.,16.6,0,1.2,0
F006150,15202,"Octopus, raw",Uncooked octopus flesh.,14.9,0,1,0
F006154,14402,"Oil, almond",Edible oil extracted from the almond (Prunus amygdalus).,0,0,100,0
F006155,14402,"Oil, blend of monounsaturated vegetable oils","Edible oil composed of a mixture, or blend, of various monounsaturated vegetable oils available in 2008. Blend composition in the analysed samples may not represent those available at other times. Oil may contain antioxidant.",0,0,100,0
F006156,14401,"Oil, blend of polyunsaturated vegetable oils","Edible oil composed of a mixture, or blend, of various polyunsaturated vegetable oils available in 2008. Blend composition in the analysed samples may not represent those available at other times. Oil may contain antioxidant.",0,0,100,0
F006159,14402,"Oil, canola","Edible oil extracted from the seeds of the canola plant (Brassica napus or Brassica campestris). Although derived from the same plant, canola oil is not rapeseed oil, and it is distinguished by low levels of erucic acid.",0,0,100,0
F006163,14502,"Oil, coconut",An edible oil derived from the flesh and milk of the coconut palm (Cocos nucifera) fruit. The oil is white and solid at room temperature.,0,0,99.7,0
F006165,14502,"Oil, copha",Solidified edible oil extracted from the coconut and used in baking.,0.2,0,99.9,0
F006166,14401,"Oil, cottonseed",Edible oil derived from the seeds of the cotton plant.,0,0,100,0
F006167,14401,"Oil, grapeseed",Edible oil extracted from the seeds of grapes.,0,0,100,0
F006168,14401,"Oil, linseed or flaxseed",Edible oil extracted from linseeds/flaxseeds.,0,0,100,0
F006169,14402,"Oil, macadamia",Edible oil extracted from the macadamia nut (Macadamia integrifolia).,0,0,100,0
F006170,14401,"Oil, maize",Edible oil obtained from the kernel of corn or maize (Zea mays).,0,0,100,0
F006172,14402,"Oil, mustard seed",Edible oil extracted from the seeds of the mustard plant (Sinapsis alba and Brassica nigra).,0,0,100,0
F006177,14402,"Oil, olive",Edible oil pressed from the flesh of the fruit of the olive tree (Olea europaea).,0,0,99.9,0
F006181,14502,"Oil, palm",Edible oil extracted from the oil palm.,0,0,100,0
F006183,14402,"Oil, peanut",Edible oil extracted from the kernel of the peanut (Leguminosae Arachis hypogaea L.).,0,0,100,0
F006185,14402,"Oil, rice bran",Edible oil extracted from the bran of the rice kernel.,0,0,100,0
F006186,14401,"Oil, safflower",Edible oil extracted from the seeds of the safflower plant (Carthamus tinctorius).,0,0,100,0
F006187,14401,"Oil, sesame","Dark-coloured oil extracted from toasted sesame seeds, used as a flavouring agent in Asian style cooking.",0,0,100,0
F006188,14401,"Oil, soybean",Edible oil extracted from the seeds of the soybean plant (Glycine maximus).,0,0,100,0
F006189,14401,"Oil, sunflower",Edible oil obtained from the seed of the sunflower plant (Helianthus annuus).,0,0,100,0
F006191,14401,"Oil, vegetable","Edible oil composed of a mixture, or blend, of monounsaturated and polyunsaturated vegetable oils. Oil may contain antioxidant.",0,0,100,0
F006194,24705,"Okra, boiled, drained","Short, thin, green seed pod with pronounced ridges running from stem to tip. Cooked without added fat.",3.3,1.5,0.2,4
F006195,24705,"Okra, raw","Short, thin, green seed pod with pronounced ridges running from stem to tip. Uncooked.",3.1,1.4,0.2,3.7
F006198,23202,"Olive, green or black, drained","Pickled fruit of the olive tree, preserved in brine and/or oil, then drained.",2.2,0,21.7,3.2
F006224,24802,"Onion, mature, brown skinned, peeled, fresh, fried, no added fat",A bulb with thin outer layers of brown skin and layers of white flesh tightly wrapped together. Peeled and fried without added fat.,2.1,9.4,0,3.8
F006225,24802,"Onion, mature, brown skinned, peeled, raw",A bulb with thin outer layers of brown skin and layers of white flesh tightly wrapped together. Edible portion includes flesh only. Uncooked.,1.3,5.8,0,2.3
F006243,24802,"Onion, mature, white skinned, peeled, fresh, raw",A bulb with thin outer layers of white skin and layers of white flesh tightly wrapped together. Edible portion includes flesh only. Uncooked.,1.7,4.7,0.1,2.1
F006249,24802,"Onion, spring, fresh, fried, no added fat",Small white onion with long thin green stalks. Fried without added fat.,2.7,7.4,0.3,3.1
F006250,24802,"Onion, spring, fresh, raw",Small white immature onion with long thin green stalks. Uncooked.,1.7,4.6,0.2,1.9
F006276,16301,"Orange, navel, peeled, raw","Round in shape with an orange waxy peel and orange flesh, that can be broken into segments. Include Washington, Lanes Late and Leng navel oranges.",1,8.2,0,2.2
F006277,16301,"Orange, peeled, raw","Round in shape with an orange waxy peel and orange flesh, that can be broken into segments.",1,8.2,0,2.3
F006279,16301,"Orange, valencia, peeled, raw","Round in shape with an orange thin waxy peel and orange flesh, that can be broken into segments.",1,8.2,0,2.4
F006281,31302,"Oregano, dried","Dried, and sometimes ground, leaves of Oreganum vulgare, used as a culinary herb.",9,26.4,4.3,42.5
F006282,18303,"Ostrich, fan fillet, raw",Uncooked meat from ostrich thigh.,23.4,0,0.7,0
F006283,18303,"Ostrich, moon steak, raw",Uncooked meat from ostrich outer thigh muscle.,23.7,0,1.4,0
F006285,15202,"Oyster, aquacultured, raw","Uncooked flesh of oysters purchased in open half shell. Includes oysters described as Pacific, Native and Sydney rock oysters.",10.1,0.6,2.3,0
F006288,15202,"Oyster, native, aquacultured, raw",Uncooked flesh of aquacultured native oysters purchased in open half shell.,7.3,0.6,1.7,0
F006289,15202,"Oyster, Pacific, aquacultured, raw",Uncooked flesh of aquacultured Pacific oysters purchased in open half shell.,10.8,0.6,2.2,0
F006291,15202,"Oyster, Sydney rock, aquacultured, raw",Uncooked flesh of aquacultured Sydney rock oysters purchased in open half shell.,10.6,0.6,2.8,0
F006298,13601,"Pancake, plain, homemade","Home prepared batter made from common household ingredients such as milk, wheat flour and egg. The batter is poured onto a buttered hotplate and cooked until the batter is set.",7.4,30.3,7.6,0.8
F006316,31302,"Paprika, dry powder",Dried and ground fruit of red capsicums (sweet red peppers).,14.1,19.1,12.9,34.9
F006321,24403,"Parsley, continental, fresh, raw",Long stemmed herb with large flat bright green leaves. Uncooked.,3.9,1.1,0.7,5
F006322,24403,"Parsley, curly, fresh, raw",Long stemmed herb with bright green frilly leaves. Uncooked.,1.9,0.4,0.2,5.8
F006326,24302,"Parsnip, peeled, fresh, baked, no added fat","A white root vegetable shaped like a carrot. Peeled, chopped and baked without added fat.",2,12.3,0.5,5
F006327,24302,"Parsnip, peeled, fresh, boiled, drained","A white root vegetable shaped like a carrot. Peeled, chopped and boiled in unsalted water without added fat, then drained.",1.8,10.9,0.4,4.4
F006328,24302,"Parsnip, peeled, fresh, raw",A white root vegetable shaped like a carrot. Peeled and uncooked.,1.6,10.1,0.4,4.1
F006332,16503,"Passionfruit, pulp, canned","Pulp and seeds of purple skinned passionfruit, canned passionfruit pulp.",1.4,20.4,0.7,5.5
F006333,16502,"Passionfruit, raw",Pulp and seeds of purple skinned passionfruit.,2.8,6.9,1.4,11
F006393,13508,"Pasta dish, homemade, cooked unfilled pasta, homemade beef bolognese sauce & added vegetables",Home prepared pasta dish described as spaghetti bolognese made using cooked unfilled pasta and a homemade beef bolognese sauce with or without added vegetables.,7.3,15.2,2.8,1.7
F006409,13508,"Pasta in cream based sauce, dry mix","Commercially packaged product that contains dry pasta mixed with dry ingredients that, when reconstituted with liquid, will form a cream-style dish. Includes mixes described as carbonara or sour cream style. Typical ingredients include pasta, cheese, whey and skim milk powder, salt, spices and colours.",13.1,69.7,3.1,3.6
F006429,12403,"Pasta, gluten free, boiled from dry, no added salt",The dough made from grains other than wheat such as corn and rice with added water. Cooked in boiling water without added salt or fat until firm to the bite. Drained.,3.1,32.4,0.7,1.2
F006444,12401,"Pasta, white wheat flour & egg, boiled from dry, no added salt",The dough made by combining wheat flour or semolina (preferably durum wheat) with eggs. Cooked by boiling without added fat or salt until firm to the bite. Drained.,7.5,29.1,1.4,2.6
F006445,12401,"Pasta, white wheat flour & egg, dry",The dough made by combining wheat flour or semolina (preferably durum wheat) with eggs. The dough is then dried prior to sale.,10.6,74.4,1.6,2.2
F006451,12401,"Pasta, white wheat flour & spinach, boiled from dry, no added salt",The dough made by combining white wheat flour or semolina (preferably durum wheat) with water and spinach. The dough is then dried before packaging and sale. Cooked by boiling without added fat or salt until firm to the bite. Drained.,3.8,27.3,0.4,1.4
F006453,12401,"Pasta, white wheat flour & spinach, dry",The dough made by combining white wheat flour or semolina (preferably durum wheat) with water and spinach. The dough is then dried before packaging and sale. Uncooked.,11.9,73.1,1.3,4.4
F006456,12401,"Pasta, white wheat flour, boiled from dry, no added salt",The dough made by combining wheat flour or semolina (usually durum semolina) with water. Cooked in boiling water without added salt or fat until firm to the bite. Drained.,5.3,26.2,0.4,2.2
F006458,12401,"Pasta, white wheat flour, dry",The dough made by combining wheat flour or semolina (preferably durum semolina) with water. The dough is then dried before packaging and sale.,12.7,68.5,1.4,3.2
F006459,12401,"Pasta, white wheat flour, fresh, boiled, no added salt","Commercial product prepared from white wheat flour and other ingredients and cut to shape, but not dried prior to packaging. Includes fresh pasta containing egg. Boiled without added salt or fat, although the pasta itself is likely to contain added salt.",5.9,27.1,1.3,2.7
F006460,12401,"Pasta, white wheat flour, fresh, uncooked","Commercial product prepared from white wheat flour and other ingredients and cut to shape, but not dried prior to packaging. Includes fresh pasta containing egg. Uncooked.",10.5,49.4,2.1,3.3
F006464,12401,"Pasta, wholemeal wheat flour, boiled from dry, no added salt",The dough made by combining wheat flour (with varying proportions of whole-wheat grain and white flour) or semolina (preferably durum semolina) with water. The dough is then dried before packaging and sale. Cooked by boiling without added fat or salt until firm to the bite. Drained.,5.4,24.6,0.8,5.7
F006465,12401,"Pasta, wholemeal wheat flour, dry",The dough made by combining wheat flour (with varying proportions of whole-wheat grain and white flour) or semolina (preferably durum semolina) with water. The dough is then dried before packaging and sale. Uncooked.,12.5,60.6,2.2,9.9
F006469,23106,"Paste, green curry, commercial","Commercially prepared paste containing green chilli, onions, salt, spices, herbs, vegetable oil and other ingredients, used for preparing south-east Asian style main dishes.",2.4,6.3,7.9,3
F006471,23106,"Paste, Indian style curry, commercial","Commercially prepared Indian style curry paste sauce. Ingredients may include water, tomato and onion puree, vegetable oil, chilli, garlic, ginger, herbs & spices and colours and flavourings.",2.9,14.2,14.1,5.4
F006476,15505,"Paste, shrimp","Commercially prepared dark, pungent paste prepared from shrimp and used as a flavouring in Asian style cooking.",21,0,1,0
F006493,13405,"Pastry, filled with spinach & cheese, purchased frozen, baked",Commercially prepared savoury filo pastry product enclosing a filling of spinach and cheese (generally ricotta or feta).,9.4,24.7,16.4,2.5
F006496,13401,"Pastry, filo, commercial, baked","Baked commercial thin sheets of wheat flour based pastry, prepared without added fat, used in preparation of strudels and Greek-style pastry dishes.",12.2,75.1,3.1,4.3
F006497,13401,"Pastry, filo, commercial, raw","Uncooked commercial thin sheets of wheat flour based pastry, prepared without added fat, used in preparation of strudels and Greek-style pastry dishes.",10.2,55.8,3.8,2.5
F006502,13401,"Pastry, puff, vegetable oil, commercial, baked","Pastry purchased uncooked from supermarkets and then baked at home. Pastry may be sold in thin sheets or in blocks that need to be rolled. Produces a pastry that contains multiple fine layers and is often used on the top of pies. Typical ingredients include wheat flour, vegetable oil, salt, citric acid and preservative.",7,44.9,21,4.4
F006503,13401,"Pastry, puff, vegetable oil, commercial, raw","Uncooked pastry purchased ready-to-cook from supermarkets. Pastry may be sold in thin sheets or in blocks that need to be rolled. Produces a pastry that contains multiple fine layers and is often used on the top of pies. Typical ingredients include wheat flour, vegetable oil, salt, citric acid and preservative.",5.5,35,16.4,3.4
F006504,13401,"Pastry, puff, with butter, commercial, baked","Pastry purchased uncooked from supermarkets and then baked at home. Pastry may be sold in thin sheets or in blocks that need to be rolled. Produces a pastry that contains multiple fine layers and is often used on the top of pies. Typical ingredients include wheat flour, butter, salt, citric acid and preservative.",7.1,42.7,24.7,4.4
F006505,13401,"Pastry, puff, with butter, commercial, raw","Uncooked pastry purchased ready-to-cook from supermarkets. Pastry may be sold in thin sheets or in blocks that need to be rolled. Produces a pastry that contains multiple fine layers and is often used on the top of pies. Typical ingredients include wheat flour, butter, salt, citric acid and preservative.",5.5,32.9,19,3.4
F006506,13401,"Pastry, shortcrust style, commercial, baked","Pastry purchased in thin sheets or blocks from supermarkets and baked at home. Produces a firm pastry often used on the base of pies. Typical ingredients include wheat flour, vegetable fat, glycerol, citric acid and water.",7.8,50.4,26.1,7.8
F006507,13401,"Pastry, shortcrust style, commercial, raw","Uncooked pastry purchased in thin sheets or blocks from supermarkets. Produces a firm pastry often used on the base of pies. Typical ingredients include wheat flour, vegetable fat, glycerol, citric acid and water.",6.4,41.3,21.4,6.4
F006528,16502,"Pawpaw (papaya), peeled, raw",Round orange/green skinned fruit with orange or red flesh with seeds.,0.4,8.4,0,2.1
F006535,24501,"Pea, green, fresh, boiled, drained","A fresh small round green seed. Boiled in unsalted water without added fat, then drained.",4.8,6.4,0.4,5.2
F006536,24501,"Pea, green, fresh, raw",A small round green seed. Uncooked.,6.5,7.7,0.5,6.6
F006538,24501,"Pea, green, frozen, boiled, drained","A small round green seed, purchased commercially frozen. Boiled at home in unsalted water, without added fat, then drained.",5.2,6.4,0.3,6.1
F006541,24501,"Pea, green, whole, dried",A small round green seed which has been dehydrated after harvest. Uncooked.,22,40.9,2.1,16.8
F006543,25101,"Pea, split, dried",Yellow or green field pea with husks removed. Dry and uncooked.,23,50.5,2,10.1
F006544,25101,"Pea, split, dried, boiled, drained","Yellow or green field pea with husks removed that have been dried, then soaked in water before boiling in unsalted water and draining.",6.6,9.1,0.4,8.3
F006545,24501,"Pea, yellow, whole, dried",A small round yellow seed. Uncooked.,23.3,43.6,2.3,17.7
F006553,16402,"Peach, canned in pear juice",Small stone fruit with a reddish/orange furry skin and orange flesh canned in pear juice.,0.6,9.5,0,1.3
F006554,16402,"Peach, canned in pear juice, drained","Small stone fruit with a reddish/orange furry skin and orange flesh canned in pear juice, then drained.",0.8,9.4,0.1,2
F006555,16402,"Peach, canned in pear juice, juice only",Pear juice used in canned peaches.,0.4,9.6,0,0.3
F006571,16401,"Peach, white, unpeeled, raw",Small stone fruit with a reddish/orange furry skin and white flesh.,0.7,7.5,0,1.6
F006573,16401,"Peach, yellow, unpeeled, raw",Small stone fruit with a reddish/orange furry skin and orange flesh.,0.7,8,0,1.6
F006577,22202,"Peanut butter, smooth & crunchy, added sugar & salt","Commercial paste made from roasted and ground peanuts. Available in two types with (crunchy) and without (smooth) chunks of peanuts. Contains vegetable oil, added sugar and salt.",22.2,14.3,49.6,5.8
F006579,22202,"Peanut butter, smooth & crunchy, no added sugar or salt","Commercial paste made from roasted, unsalted and ground peanuts. Available in two types with (crunchy) and with out (smooth) chunks of peanuts. Does not contain added salt or sugar.",24.3,9.4,54.3,6.5
F006585,16102,"Pear, brown skin, unpeeled, raw","Long pear shape with tapering neck, brown skin and yellowish white flesh.",0.4,12.1,0,3.8
F006593,16104,"Pear, canned in pear juice","Fruit with a long pear shape with tapering neck, a brown or green skin and yellowish white flesh canned pear in pear juice.",0.5,10.6,0,1.7
F006594,16104,"Pear, canned in pear juice, drained","Fruit with a long pear shape with tapering neck, a brown or green skin and yellowish white flesh canned pear in pear juice, then drained.",0.6,10.3,0,2.8
F006595,16104,"Pear, canned in pear juice, juice only",Pear juice drained from pears canned in juice.,0.2,11,0,0.2
F006601,16102,"Pear, green skin, unpeeled, raw","Long pear shape with tapering neck, a green skin and yellowish white flesh. Includes averaged weighted results of Peckham's Triumph, William Bartlett.",0.4,13.3,0,3
F006604,16102,"Pear, nashi, unpeeled, raw","A round fruit with a smooth, green-yellow or brownish-russet skin depending on variety, and a crisp texture. Appearance and size similar to that of an apple.",0.2,11.2,0,2.1
F006606,16103,"Pear, Packham's triumph, unpeeled, raw","Round pear shape with medium length neck, yellowish green skin and white flesh.",0.4,12.5,0,3
F006612,16103,"Pear, William Bartlett, unpeeled, raw",Round pear shape with medium length neck and slightly bumpy skin that is green to greenish yellow with white flesh.,0.3,11.8,0,3.7
F006618,31302,"Pepper, black, ground","Dried and ground unripe fruit of the pepper tree (Piper nigrum), used as a spice.",10.4,38.6,3.3,25.3
F006628,16501,"Persimmon, peeled, raw",Round to heart shaped fruit with bright orange skin and orange flesh.,0.6,16,0.1,2.7
F006656,13405,"Pie, savoury, chicken & vegetable, commercial","Commercially produced chicken and vegetable based filling enclosed in pastry, purchased frozen or ready to eat.",8.2,25,11,2.1
F006665,13405,"Pie, savoury, meat, commercial, ready to eat","Commercially prepared meat-based (usually beef and/or mutton) filling enclosed in pastry, purchased ready to eat.",8.9,21.2,11.4,2.4
F006667,13405,"Pie, savoury, meat, purchased frozen, baked","Commercially prepared meat-based (usually beef and/or mutton) filling enclosed pastry, purchased frozen and baked at home.",8.6,19.3,11.3,2
F006675,13405,"Pie, steak & kidney, canned","Canned pie product containing vegetables, beef, kidney, salt, spices and tomato paste topped with a puff pastry.",10,13.6,7.7,0.9
F006679,13402,"Pie, sweet, apple, commercial",Commercially prepared apple filling enclosed in sweet short crust pastry. Purchased ready to eat.,3,31.4,12.9,1.3
F006698,18303,"Pigeon (squab), whole, raw","Uncooked meat from whole pigeon carcase, offal and bone removed.",16.2,0,25.5,0
F006700,13601,"Pikelet or pancake, sweet, commercial","Commercially prepared pikelet. Contains added folic acid, iodised salt and thiamin.",5.7,38.4,4.3,2.1
F006701,13601,"Pikelet, plain, homemade","Home prepared batter, made from common household ingredients such as flour, milk, egg and sugar. The batter is spooned onto a greased hotplate and cooked until batter is set.",7.5,47.9,5.9,1.7
F006702,16502,"Pineapple, peeled, raw","Oval fruit with a thick greenish skin and yellow flesh. Leaves, skin, bracts and core removed.",0.5,8.6,0,1.3
F006707,16503,"Pineapple, canned in pineapple juice","Oval fruit with a thick greenish skin and yellow flesh. Leaves, skin, bracts and core removed. Sliced and canned in pineapple juice.",0.5,12,0.6,0.8
F006708,16503,"Pineapple, canned in juice, drained","Oval fruit with a thick greenish skin and yellow flesh. Leaves, skin, bracts and core removed. Sliced or chopped and canned in pineapple juice, then drained.",0,10.9,0,1.1
F006710,16503,"Pineapple, canned in pineapple juice, juice only","Pineapple juice, used in canned pineapples.",0.3,10.6,0,0
F006711,16503,"Pineapple, canned in syrup","Oval fruit with a thick greenish skin and yellow flesh. Leaves, skin, bracts and core removed. Sliced and canned in heavy syrup.",0.3,19.8,0.6,0.7
F006712,16503,"Pineapple, canned in syrup, drained","Oval fruit with a thick greenish skin and yellow flesh. Leaves, skin, bracts and core removed. Sliced and canned in heavy syrup, then drained.",0,17.5,0,1.2
F006713,16503,"Pineapple, canned in syrup, syrup only",Heavy sugar-based syrup used in canning of pineapple.,0.3,22,0,0
F006725,13502,"Pizza, cheese & tomato, commercial","Commercially produced pizza dough topped with tomato-based sauce and cheese. Includes frozen, fast food and takeaway styles.",16.2,28.7,11,2.8
F006761,13502,"Pizza, ham & pineapple, purchased frozen, baked","Commercially produced pizza dough topped with tomato-based sauce, cheese, ham and/or bacon, with or without pineapple, frozen before packaging and reheated prior to consumption.",11.5,28.2,6,3.1
F006762,13502,"Pizza, ham & pineapple, takeaway style","Commercially produced pizza dough topped with tomato-based sauce, cheese, ham and pineapple. Purchased ready to eat from independent takeaway food outlets.",12.8,23.1,8.3,3.1
F006795,13502,"Pizza, supreme, fast food chain","Commercially produced thick pizza dough typically topped with tomato-based sauce, cheese, ground beef, mushrooms, onion, capsicum, pepperoni, pineapple and ham/bacon. Purchased ready to eat from fast food outlets.",12.9,27.6,9,2.5
F006797,13502,"Pizza, supreme, purchased frozen, baked","Commercially produced pizza dough topped with tomato-based sauce, cheese, sausage, capsicum, onion, ham, mushrooms and sometimes olives and beef, frozen before packaging and reheated prior to consumption.",14,26.3,11.6,3.2
F006800,13502,"Pizza, supreme, takeaway style","Commercially produced pizza dough topped with tomato-based sauce, cheese, sausage, capsicum, onion, ham, anchovies, olives, beef, mushrooms and sometimes prawns. Purchased ready to eat from independent takeaway or fast food outlets.",13,20.5,9.8,3
F006805,13502,"Pizza, vegetable, fast food chain",Commercially produced pizza dough topped with tomato-based sauce and a mixture of vegetables. Purchased ready to eat from fast food outlets.,9.3,27.2,6,2.8
F006825,16404,"Plum, dark, canned in syrup",Satsuma or dark plums canned in sugar syrup.,0.4,21.6,0,1
F006826,16404,"Plum, dark, canned in syrup, drained","Satsuma or dark plums canned in sugar syrup, then drained.",0.5,21.8,0.1,2
F006827,16404,"Plum, dark, canned in syrup, syrup only","Syrup made from water and sugar, used in canned satsuma or dark plums.",0.3,21.3,0,0
F006828,16601,"Plum, davidson (native), flesh",Small edible sour fruit with burgundy coloured flesh. Supplied commercially in frozen state.,1,14.3,0.2,2
F006830,16804,"Plum, salted","Dried plums cured with a mixture of salt, sugar and other ingredients.",3.7,44.9,0,9.3
F006832,16403,"Plum, unpeeled, raw",Small round stone fruit with a deep purple skin and a reddish/purple flesh.,0.6,10.2,0,2
F006842,16502,"Pomegranate, peeled, raw","Round shaped fruit, with hard, thick red skin, which is divided into large membrane segments containing bright red juicy seeds.",1.9,13.5,0.2,6.4
F006844,26202,"Popcorn, commercial, butter flavoured, salted","Commercially purchased butter flavoured corn kernels, popped/cooked by heating in oil and/or butter or by heating in a microwave. Contains added salt.",9.1,49.6,26.5,8.8
F006860,18103,"Pork, belly, rind removed, baked, no added fat",Cooked pork from the belly of the carcase. Internal and external fat attached.,27.4,0,30.8,0
F006862,18103,"Pork, belly, rind removed, raw",Raw pork from the belly of the carcase. Internal and external fat attached.,18.6,0,26.2,0
F006864,18103,"Pork, butterfly steak, untrimmed, grilled, no added fat","Cooked pork from the midsection of the carcase, as purchased, without removal of internal and external separable fat. Grilled, as purchased, for 9 minutes without added fat.",30.6,0,8.2,0
F006866,18103,"Pork, butterfly steak, untrimmed, raw","Raw pork from the midsection of the carcase, as purchased without removal of internal and external separable fat.",22.7,0,7,0
F006874,18103,"Pork, butterfly steak, lean, grilled, no added fat","Cooked pork from the midsection of the carcase. Grilled, as purchased, for 9 minutes without added fat. All possible internal and external separable fat removed after cooking.",32.5,0,2.8,0
F006875,18103,"Pork, butterfly steak, lean, raw","Raw lean muscle meat from the midsection of the carcase, with all possible internal and external separable fat removed.",24.1,0,1.6,0
F006880,18103,"Pork, crackling, roasted, salted","Skin and adhering fat from pork meat, cooked by roasting after rubbing with salt.",8.9,0,71.2,0
F006881,18103,"Pork, diced, untrimmed, fried, no added fat","Cooked lean pork, either diced or in strips.",31.3,0,3.1,0
F006883,18103,"Pork, diced, untrimmed, raw","Raw lean pork, either diced or in strips.",22.8,0,3.1,0
F006892,18103,"Pork, fillet, fully-trimmed, baked, no added fat","Cooked lean pork from the loin region of the carcase. Oven baked, as purchased with no separable fat, at 180 degrees celsius to an internal temperature of 70 degrees celsius with no added fat.",28.5,0,2.2,0
F006899,18103,"Pork, fillet, lean, raw","Raw lean pork from the loin portion of the carcase, as purchased with no separable fat.",23.1,0,1.1,0
F006906,18103,"Pork, forequarter (chop, roast, neck), separable fat, raw","Raw internal and external fat from 3 cuts (chop, roast and neck) of pork from the forequarter of the carcase.",9.6,0,50.8,0
F006908,18103,"Pork, forequarter chop, untrimmed, BBQ'd, no added fat","Cooked pork from the forequarter of the carcase, as purchased without removal of internal and external fat. Barbequed with no added fat.",23.3,0,16,0
F006910,18103,"Pork, forequarter chop, untrimmed, raw","Raw pork from the forequarter of the carcase, as purchased without removal of internal and external fat.",17.5,0,13.2,0
F006921,18103,"Pork, forequarter chop, lean, BBQ'd, no added fat",Cooked pork from the forequarter of the carcase. Barbequed with no added fat. All possible internal and external separable fat removed after cooking.,26.3,0,6.3,0
F006922,18103,"Pork, forequarter chop, lean, raw","Raw lean muscle meat from the forequarter of the carcase, with all possible internal and external separable fat removed.",19.5,0,3.9,0
F006927,18103,"Pork, forequarter shoulder roast, untrimmed, BBQ'd, no added fat","Cooked pork from the forequarter of the carcase, as purchased without removal of internal and external separable fat. Barbequed as purchased, for 75 minutes with no added fat.",22.6,0,14,0
F006929,18103,"Pork, forequarter shoulder roast, untrimmed, raw","Raw pork from the forequarter of the carcase, as purchased without removal of internal and external fat.",17.6,0,12.5,0
F006932,18103,"Pork, forequarter shoulder roast, lean, BBQ'd, no added fat","Cooked pork from the forequarter of the carcase. Barbequed as purchased, for 75 minutes with no added fat. All possible internal and external separable fat removed after cooking.",24.8,0,6.4,0
F006933,18103,"Pork, forequarter shoulder roast, lean, raw","Raw lean muscle meat from the forequarter of the carcase, with all possible internal and external separable fat removed.",19.6,0,3.1,0
F006940,18103,"Pork, forequarter, separable fat, BBQ'd, no added fat","Cooked internal and external fat from 3 cuts (chop, roast and neck) of pork from the forequarter of the carcase. Barbecued or baked, as purchased, with no added fat, then dissected.",11.5,0,53.6,0
F006951,18103,"Pork, leg roast, untrimmed, baked, no added fat",Cooked pork from the hind portion of the carcase. Oven baked at 180 degrees celsius to an  internal temperature of 75 degrees celsius with no added fat.,31.2,0,10.7,0
F006953,18103,"Pork, leg roast, untrimmed, raw","Raw pork from the hind portion of the carcase, as purchased without the removal of internal and external separable fat.",21.6,0,8.6,0
F006964,18103,"Pork, leg steak (rump), separable fat, fried, no added fat","Cooked internal and external separable fat from 1 cut (rump) of pork from the hind portion of the carcase. Fried, as purchased, to an internal temperature of 70 degrees celsius with a small amount of pork fat, then dissected.",12,0,53.7,0
F006965,18103,"Pork, leg steak (rump), separable fat, raw",Raw internal and external separable fat from 1 cut (rump) of pork from the hind portion of the carcase.,8.6,0,66.4,0
F006991,18103,"Pork, loin chop, untrimmed, BBQ'd, no added fat","Cooked pork from the lumbar part of loin, as purchased without removal of internal and external separable fat. Barbequed with no added fat.",28,0,12.2,0
F006993,18103,"Pork, loin chop, untrimmed, raw","Raw pork from the lumbar part of loin, as purchased without removal of internal and external separable fat.",21.5,0,9.2,0
F007015,18103,"Pork, loin chop, separable fat, BBQ'd, no added fat",Cooked internal and external separable fat from the lumbar part of loin. Barbequed with no added fat.,8.8,0,70.7,0
F007016,18103,"Pork, loin chop, separable fat, raw",Raw internal and external separable fat from the lumbar part of loin.,7.9,0,69.2,0
F007017,18103,"Pork, loin chop, lean, BBQ'd, no added fat","Lean muscle meat from the loin of carcase, with all possible internal and external separable fat removed. Cooked with no added fat or oil.",30.6,0,4.5,0
F007019,18103,"Pork, loin chop, lean, raw","Raw lean muscle meat from the loin portion of the carcase, with all possible internal and external separable fat removed.",23.2,0,1.8,0
F007027,18103,"Pork, loin cutlet, untrimmed, fried, no added fat","Cooked pork from the midsection of the carcase, as purchased without removal of internal and external fat. Fried with no added fat.",30.9,0,19.3,0
F007028,18103,"Pork, loin cutlet, untrimmed, raw","Raw pork from the midsection of the carcase, as purchased without removal of internal and external fat.",21,0,13.1,0
F007029,18103,"Pork, loin roast, untrimmed, baked, no added fat","Cooked pork from the midsection of the carcase, as purchased without removal of internal and external fat. Oven baked at 180 degrees celsius to an internal temperature of 75 degrees celsius with no added fat",28.8,0,16.3,0
F007030,18103,"Pork, loin roast, untrimmed, raw","Raw pork from the midsection of the carcase, as purchased without removal of internal and external fat.",19.9,0,16.4,0
F007034,18103,"Pork, loin roast, separable fat, baked, no added fat","Cooked internal and external separable fat from the midsection of the carcase. Oven baked, as purchased, at 180 degrees celsius to an internal temperature of 75 degrees celsius, then dissected.",8.8,0,67,0
F007035,18103,"Pork, loin roast, separable fat, raw",Raw internal and external separable fat from the midsection of the carcase.,5.2,0,77.1,0
F007036,18103,"Pork, loin roast, lean, baked, no added fat",Cooked pork from the midsection of the carcase. Oven baked at 180 degrees celsius to an internal temperature of 75 degrees celsius with no added fat. All possible internal and external separable fat removed after cooking.,31.9,0,8.6,0
F007037,18103,"Pork, loin roast, lean, raw","Raw lean muscle meat from the midsection of the carcase, with all possible internal and external separable fat removed.",23.3,0,2.2,0
F007042,18103,"Pork, medallion or loin steak, untrimmed, fried, no added fat","Cooked pork from the midsection of the carcase, as purchased without removal of internal and external fat. Fried with no added fat.",33.2,0,8.8,0
F007043,18103,"Pork, medallion or loin steak, untrimmed, raw","Raw pork from the midsection of the carcase, as purchased without removal of internal and external fat.",22.9,0,6.1,0
F007045,18103,"Pork, medallion or loin steak, separable fat, fried, no added fat","Cooked internal and external separable fat from the midsection of the carcase. Fried, as purchased, to an internal temperature of 70 degrees celsius with a small of pork fat, then dissected.",14.9,0,55.5,0
F007046,18103,"Pork, medallion or loin steak, separable fat, raw",Raw internal and external separable fat from the midsection of the carcase.,6.3,0,68.5,0
F007048,18103,"Pork, medallion or loin steak, lean, fried, no added fat","Cooked pork from the midsection of the carcase. Fried, as purchased, to an internal temperature of 70 degrees celsius with a small of pork fat. All possible internal and external separable fat removed after cooking.",29.5,0,3.5,0
F007049,18103,"Pork, medallion or loin steak, lean, raw","Raw lean muscle meat from the midsection of the carcase, with all possible internal and external separable fat removed.",24.1,0,1.6,0
F007055,18103,"Pork, mince, as purchased, fried, no added fat","Cooked pork mince, as purchased, likely to be from leg or shoulder.",25.9,0,13.2,0
F007057,18103,"Pork, mince, untrimmed, raw","Raw lean pork mince, as purchased, likely to be from leg or shoulder.",20.9,0,10.6,0
F007073,18103,"Pork, round mini roast, separable fat, baked, no added fat","Cooked internal and external separable fat from the hind portion of the carcase. Oven baked, as purchased, at 180 degrees celsius to an internal temperature of 75 degrees celsius, then dissected.",16.3,0,45.5,0
F007074,18103,"Pork, round mini roast, separable fat, raw",Raw internal and external fat from the hind portion of the carcase.,11.3,0,44.6,0
F007076,18103,"Pork, round mini roast, lean, baked, no added fat",Cooked pork from the hind portion of the carcase. Oven baked at 180 degrees celsius to an internal temperature of 75 degrees celsius with no added fat. All possible internal and external separable fat removed after cooking.,34.7,0,2.5,0
F007077,18103,"Pork, round mini roast, lean, raw","Raw lean muscle meat from the hind portion of the carcase, with all possible internal and external separable fat removed.",23.7,0,1.1,0
F007081,18103,"Pork, rump steak, untrimmed, fried, no added fat","Cooked pork from the hind portion of the carcase, as purchased with no internal and external separable fat removed. Fried with no added fat.",36.5,0,5.8,0
F007082,18103,"Pork, rump steak, untrimmed, raw","Raw pork from the hind portion of the carcase, as purchased with no internal and external separable fat removed.",24.8,0,4,0
F007084,18103,"Pork, rump steak, lean, fried, no added fat",Cooked lean muscle meat from the hind portion of the carcase. Fried to an internal temperature of 70 degrees celsius with a small amount of pork fat. All possible internal and external separable fat removed.,28.6,0,3.8,0
F007085,18103,"Pork, rump steak, lean, raw","Raw lean muscle meat from the hind portion of the carcase, with all possible internal and external separable fat removed.",25.3,0,2.1,0
F007087,18103,"Pork, scotch roast, untrimmed, baked, no added fat","Cooked pork from the forequarter of the carcase, as purchased without removal of internal and external separable fat. Oven roasted at 180 degrees celsius to an internal temperature of 70 degrees celsius with no added fat.",29.6,0,14.1,0
F007089,18103,"Pork, scotch roast, untrimmed, raw","Raw pork from the forequarter of the carcase, as purchased without removal of internal and external fat.",18.9,0,15.4,0
F007091,18103,"Pork, scotch roast, separable fat, baked, no added fat","Cooked internal and external separable fat from the forequarter of the carcase. Oven baked, as purchased, at 180 degrees celsius to an internal temperature of 70 degrees celsius, then dissected.",12.2,0,50.5,0
F007092,18103,"Pork, scotch roast, separable fat, raw",Raw internal and external separable fat from the forequarter of the carcase.,10.7,0,52.5,0
F007093,18103,"Pork, scotch roast, lean, baked, no added fat","Cooked pork from the forequarter of the carcase. Oven roasted, as purchased, at 180 degrees celsius to an internal temperature of 70 degrees celsius with no added fat. All possible internal and external separable fat removed after cooking.",30.6,0,12,0
F007094,18103,"Pork, scotch roast, lean, raw","Raw lean muscle meat from the forequarter of the carcase, with all possible internal and external separable fat removed.",20.6,0,7.6,0
F007108,18103,"Pork, spare ribs, marinated, baked, roasted, fried, grilled or BBQ'd, fat not further defined","Pork from the rib, marinated in sauce. Cooked with added fat or oil.",23.4,5.1,27,0.1
F007113,18103,"Pork, spare ribs, untrimmed, baked, no added fat","Pork from the rib, as purchased without removal of internal and external fat. Baked with no added fat.",27.4,0,32.4,0
F007117,18103,"Pork, spare ribs, untrimmed, raw","Raw pork from the rib, as purchased without removal of internal and external fat.",18.1,0,24,0
F007127,18103,"Pork, strips, untrimmed, fried, no added fat","Cooked lean pork strips, as purchased, likely to be from leg or shoulder steak. Fried to an internal temperature of 75 degrees celsius with a small amount of pork fat.",31.2,0,2.5,0
F007128,18103,"Pork, strips, untrimmed, raw","Raw lean pork strips, as purchased, likely to be from leg or shoulder steak.",22.4,0,2.3,0
F007143,12601,"Porridge, rolled oats mixed with sugar or honey & other flavours, prepared with cow's milk",Rolled oats mixed with sugar and honey and other non-fruit flavours prepared according to label directions i.e. 1 sachet to 1/2 cup of cows milk. Milk includes fortified and unfortified varieties. Cooked on the stove top or by microwaving.,4.6,19.8,4.4,1.7
F007156,12601,"Porridge, rolled oats, prepared with regular fat cow's milk",Rolled oats prepared according to label directions. Milk includes fortified and unfortified varieties. Cooked on the stove top or by microwaving.,5.3,14.5,4.9,1.6
F007164,12601,"Porridge, rolled oats, prepared with water",Crushed grain produced by steaming and flattening the oats with rollers. Cooked by boiling in unsalted water.,3,11.4,2.9,2.9
F007189,26101,"Potato crisps or chips, flavoured (other than salt & vinegar)","Commercially packaged snack product consisting of thinly sliced potato, deep fried in vegetable oil, with added flavouring (except salt and vinegar).",6.8,43.6,32.5,3.6
F007193,26101,"Potato crisps or chips, plain, salted","Commercially packaged snack product that consists of thinly sliced potato, deep fried in vegetable oil, with added salt, but no added flavours.",6,45.8,33.3,3.2
F007198,26101,"Potato crisps or chips, reformed, salted","Commercially packaged snack product that consists of reformed sliced potato, deep fried in vegetable oil, with added salt. Includes flavoured and unflavoured varieties.",5.7,55.1,28.1,2.8
F007201,26101,"Potato crisps or chips, salt & vinegar flavoured","Commercially packaged snack product consisting of thinly sliced potato, deep fried in vegetable oil, with added salt and vinegar flavouring.",6.8,43.6,32.6,3.6
F007204,26101,"Potato straws, French fries, plain","Commercially packaged snack product consisting of thinly sliced potato, deep fried in vegetable oil, with added salt and flavourings.",6.9,51.6,31,3.2
F007235,24102,"Potato, chips, regular, fast food outlet, deep fried, blended oil, salted","Chips made from peeled potatoes. Long and rectangular in shape, approximately 1 cm wide, deep fried in blended frying fat and salted after cooking. Purchased hot from fast food outlets.",3.8,28.2,10.1,3
F007236,24102,"Potato, chips, regular, fast food outlet, deep fried, monounsaturated oil, salted","Chips made from peeled potatoes. Long and rectangular in shape, approximately 1 cm wide, deep fried in monounsaturated frying fat and salted after cooking. Purchased hot from a fast food outlet.",3.8,28.2,12.2,3
F007238,24102,"Potato, chips, regular, independent takeaway outlet, deep fried, blended oil, salted","Chips made from peeled potatoes. Long and rectangular in shape, approximately 1 cm wide, deep fried in blended frying fat and salted after cooking. Purchased hot from an independent takeaway outlet.",3.8,28.2,11.6,3
F007242,24102,"Potato, chips, regular, purchased frozen, baked, no added fat","Potato chips, par-fried in canola oil and purchased commercially frozen. Baked at home without added fat until golden brown.",3.8,24.1,5.9,3.8
F007244,24101,"Potato, coliban, peeled, baked, no added fat","Round in shape, with a smooth whitish skin. Peeled, chopped and baked without added fat.",3,17.4,0,1.7
F007245,24101,"Potato, coliban, peeled, boiled, drained","Round in shape with a whitish skin. Peeled and boiled in unsalted water, without added fat, then drained.",1,11.6,0,2
F007247,24101,"Potato, coliban, peeled, raw","Round in shape, with a smooth whitish skin. Peeled and uncooked.",2,11.5,0,1.1
F007250,24101,"Potato, desiree, peeled, baked, no added fat","Round in shape, with a pink to red smooth skin and a creamy yellow flesh. Peeled, chopped and baked without added fat.",3.5,16.2,0,2.6
F007252,24101,"Potato, desiree, peeled, boiled, drained","Round in shape, with a pink to red smooth skin and a creamy yellow flesh. Peeled and boiled in unsalted water, without added fat, then drained.",2.3,10.9,0,1.7
F007254,24101,"Potato, desiree, peeled, raw","Round in shape, with a pink to red smooth skin and a creamy yellow flesh. Peeled and uncooked.",2.3,10.7,0,1.7
F007269,24102,"Potato, fries, fast food outlet, deep fried, monounsaturated oil, salted","Chips made from peeled potatoes. Long and rectangular in shape, approximately 0.5 cm wide, deep fried in monounsaturated oil and salted added cooking. Purchased hot from a fast food outlet.",4.8,35.7,16.4,3.1
F007279,24102,"Potato, fries, independent takeaway outlet, deep fried, blended oil, salted","Chips made from peeled potatoes. Long and rectangular in shape, approximately 0.5 cm wide, deep fried in blended oil and salted after cooking. Purchased hot from an independent takeaway outlet.",4.8,35.7,17.4,3.1
F007305,24101,"Potato, new, peeled, baked, no added fat","Immature potatoes, small and round in shape with a flimsy, parchment-like skin. Peeled and baked without added fat.",3.5,19.4,0.2,1.7
F007306,24101,"Potato, new, peeled, boiled, drained","Immature potatoes, small and round in shape with a flimsy, parchment-like skin. Peeled and boiled in unsalted water, without added fat, then drained.",2.5,12.8,0.1,2.3
F007308,24101,"Potato, new, peeled, raw","Immature potatoes, small and round in shape with a flimsy, parchment-like skin. Peeled and uncooked.",2.3,12.8,0.1,1.1
F007314,24101,"Potato, pale skin, peeled, baked, no added fat","Round in shape, with a smooth whitish skin. Peeled, halved and baked without added fat.",3,17.4,0,1.7
F007320,24101,"Potato, pale skin, peeled, boiled, drained","Round in shape with a whitish skin. Peeled and boiled in unsalted water, without added fat, then drained.",1.5,12.1,0.1,2
F007325,24101,"Potato, pale skin, peeled, raw","Round in shape, with a smooth whitish skin. Peeled and uncooked.",2,11.5,0,1.1
F007358,24101,"Potato, pontiac, peeled, baked, no added fat","Round in shape, with a pink to red smooth skin and a creamy yellow flesh. Peeled and baked without added fat.",3.6,19.1,0.2,3.2
F007359,24101,"Potato, pontiac, peeled, boiled, drained","Round in shape, with a pink to red smooth skin and a creamy yellow flesh. Peeled and boiled in unsalted water, without added fat, then drained.",2.4,12.8,0.1,2.1
F007361,24101,"Potato, pontiac, peeled, raw","Round in shape, with a pink to red smooth skin and a creamy yellow flesh. Peeled and uncooked.",2.4,12.6,0.1,2.1
F007364,24101,"Potato, red skin, peeled, baked, no added fat","Round in shape, with a pink to red smooth skin and a creamy yellow flesh. Peeled and baked without added fat.",3.5,16.2,0,2.6
F007366,24101,"Potato, red skin, peeled, boiled, drained","Round in shape, with a pink to red smooth skin and a creamy yellow flesh. Peeled and boiled in unsalted water, without added fat, then drained.",2,14.2,0,2.4
F007368,24101,"Potato, red skin, peeled, raw","Round in shape, with a pink to red smooth skin and a creamy yellow flesh. Peeled and uncooked.",2.3,10.7,0,1.7
F007383,24101,"Potato, sebago, peeled, baked, no added fat","Round in shape, with a smooth whitish skin. Peeled, chopped and baked without added fat.",3.8,20.8,0.2,3.3
F007384,24101,"Potato, sebago, peeled, boiled, drained","Round in shape, with a smooth whitish skin. Peeled and boiled in unsalted water, without added fat.",2.5,13.1,0.4,2.5
F007386,24101,"Potato, sebago, peeled, raw","Round in shape, with a smooth whitish skin. Peeled and uncooked.",2.5,13.8,0.2,2.2
F007411,24102,"Potato, wedges, regular, purchased frozen, baked or roasted, no added fat","Commercial wedges made from potatoes cut into elongated chunks and seasoned, purchased frozen after being par fried in canola oil. Baked or roasted without added fat after purchase.",3.8,24.1,5.9,3.8
F007421,15201,"Prawn, banana, aquacultured, purchased cooked",Flesh from banana prawns. Wild caught and purchased pre-cooked.,23.2,0,1,0
F007422,15201,"Prawn, banana, wild, flesh, raw","Uncooked flesh from banana prawns, typically pale in colour with a greenish tinge. Wild caught.",13.2,0,0.6,0
F007423,15201,"Prawn, black tiger, aquacultured, purchased cooked",Flesh from black tiger prawns. Wild caught and purchased pre-cooked.,20.2,0,1,0
F007424,15201,"Prawn, brown tiger, wild, flesh, raw","Uncooked flesh from brown tiger prawns, typically pale brown to blue-green with distinctive stripes. Wild caught.",23.4,0,0.9,0
F007431,15201,"Prawn, endeavour, wild, flesh, raw","Uncooked flesh from endeavour prawns, typically pale brown to pink in colour. Wild caught.",22.4,0,0.7,0
F007432,15201,"Prawn, flesh, cooked from raw, no added fat",Flesh from large prawns that have been fried with no added fat.,27.1,0,1.2,0
F007433,15201,"Prawn, flesh, raw (green)","Uncooked flesh from large prawns, typically pale in colour with a greenish tinge.",20.7,0,0.8,0
F007451,15201,"Prawn, school, wild, flesh, raw","Uncooked flesh from school prawns, typically pale in colour with a greenish tinge. Wild caught.",17.8,0,1.1,0
F007454,15201,"Prawn, Western king, wild, flesh, raw","Uncooked flesh from Western king prawns, typically cream to light brown flesh. Wild caught.",23.9,0,0.8,0
F007457,16502,"Prickly pear, peeled, raw","Smooth skinned cactus fruit with clusters of tiny hair like spines, pulpy flesh containing numerous small black seeds. Also known as Indian Fig; Mission Cactus.",0.4,8.8,0.3,4.6
F007459,18602,Prosciutto,"A dry-cured ham that is usually thinly sliced. Uncooked, as purchased including the lean and fat portions.",30.8,0.3,18.8,0
F007493,30105,"Protein powder, whey based, protein >70%, unfortified","White powder prepared from cows milk by refining and dehydrating the whey component to achieve a protein content of greater than 70%. Does not contain added flavours, vitamins or minerals.",85,1.6,2.2,1.8
F007494,16802,Prune (dried plum),A plum that has been dried before packaging with the pit removed.,2.6,45,0.4,7.7
F007502,22102,"Psyllium, uncooked",Husk of a small seed which is high in dietary fibre. Uncooked,3,1,1.3,88.7
F007507,13306,"Pudding, chocolate, homemade","Home prepared cake-style chocolate pudding made from common household ingredients such as flour, cocoa, sugar, milk, water and butter, then baked.",3.6,37,2.6,1.1
F007512,13306,"Pudding, plum, steamed or boiled, homemade","Home prepared steamed or boiled pudding, made from commonly household ingredients such as dried fruit, candied fruit peel, brandy, flour, sugar, eggs, butter and spices. Most commonly consumed at Christmas time.",4.3,54.1,11.1,2.4
F007529,13306,"Pudding, sticky date, homemade","Home prepared cake-style dessert with caramel sauce made from common household ingredients such as flour, butter, sugar, eggs, milk, chopped dates and spices.",3,48.5,16.8,1.6
F007533,24701,"Pumpkin, butternut, peeled, fresh, baked, no added fat","Shaped like an elongated pear, with a golden brown, hard skin and deep orange flesh. Peeled, chopped and baked without added fat.",2.5,8.1,0.7,2.1
F007534,24701,"Pumpkin, butternut, peeled, fresh, boiled, drained","Shaped like an elongated pear, with a golden brown, hard skin and deep orange flesh. Peeled, chopped and boiled in unsalted water, without added fat, then drained.",2.2,7.2,0.6,1.9
F007535,24701,"Pumpkin, butternut, peeled, fresh, raw","Shaped like an elongated pear, with a golden brown, hard skin and deep orange flesh. Peeled and uncooked.",2.1,6.9,0.6,1.8
F007538,24701,"Pumpkin, golden nugget, peeled, fresh, baked, no added fat","A small, round pumpkin with orange-red skin and bright orange flesh. Peeled and baked without added fat.",2.6,4.7,0.4,1.3
F007539,24701,"Pumpkin, golden nugget, peeled, fresh, boiled, drained","A small, round pumpkin with orange-red skin and bright orange flesh. Peeled, chopped and boiled in unsalted water, without added fat, then drained.",2.3,4.2,0.3,1.1
F007540,24701,"Pumpkin, golden nugget, peeled, fresh, raw","A small, round pumpkin with orange-red skin and bright orange flesh. Peeled and uncooked.",2.2,4,0.3,1.1
F007543,24701,"Pumpkin, jarrahdale, peeled, fresh, baked, no added fat","A large, round pumpkin, with a hard, ribbed, slate-blue to grey skin and bright orange flesh. Peeled, chopped and baked without added fat.",0.8,6.1,0.1,1.9
F007544,24701,"Pumpkin, jarrahdale, peeled, fresh, boiled, drained","A large, round pumpkin, with a hard, ribbed, slate-blue to grey skin and bright orange flesh. Peeled, chopped and boiled in unsalted water, without added fat, then drained.",0.7,5.4,0.1,1.7
F007545,24701,"Pumpkin, jarrahdale, peeled, fresh, raw","A large, round pumpkin, with a hard, ribbed, slate-blue to grey skin and bright orange flesh. Peeled and uncooked.",0.7,5.2,0.1,1.6
F007553,24701,"Pumpkin, peeled, fresh, baked, no added fat","Usually round in shape with a thick hard skin ranging from blue-grey in colour to orange-red, with orange flesh. Peeled, chopped and baked without added fat.",1.5,7.9,0,2.2
F007554,24701,"Pumpkin, peeled, fresh, boiled, drained","Usually round in shape with a thick hard skin ranging from blue-grey in colour to orange-red, with orange flesh. Peeled, chopped and boiled in unsalted water, without added fat, then drained.",1.3,7,0,2
F007555,24701,"Pumpkin, peeled, fresh, raw","Usually round in shape with a thick hard skin ranging from blue-grey in colour to orange-red, with orange flesh. Peeled, deseeded and uncooked.",1.2,6.7,0,1.9
F007557,24701,"Pumpkin, Queensland blue, peeled, fresh, baked, no added fat","A medium sized pumpkin with blossom and stem ends flattened. It is deeply ribbed, hard slate grey skin with a yellow-orange flesh. Peeled, chopped and baked without added fat.",2.4,9.9,0.4,3.2
F007558,24701,"Pumpkin, Queensland blue, peeled, fresh, boiled, drained","A medium sized pumpkin with blossom and stem ends flattened. It is deeply ribbed, hard slate grey skin with a yellow-orange flesh. Peeled, chopped and boiled in unsalted water, without added fat, then drained.",2.1,8.8,0.3,2.8
F007559,24701,"Pumpkin, Queensland blue, peeled, fresh, raw","A medium sized pumpkin with blossom and stem ends flattened. It is deeply ribbed, hard slate grey skin with a yellow-orange flesh. Peeled and uncooked.",2,8.4,0.3,2.7
F007569,18303,"Quail, lean flesh & skin, baked, no added fat",Flesh and skin portion of a quail. Baked with no added fat.,27.7,0,9.6,0
F007570,18303,"Quail, lean flesh & skin, raw",Uncooked flesh and skin from a quail.,18.5,0,11,0
F007571,16601,"Quandong, fruit, flesh",Small fruit with a waxy shiny red skin. Supplied commercially in frozen state with kernels removed.,2.5,8.1,0,4.2
F007591,16103,"Quince, peeled, raw","Tart pome fruit, with a bright golden yellow skin and flesh. Similar in appearance to a pear.",0.5,11,0.2,5.2
F007593,12101,"Quinoa, black, uncooked","Small black seed which has a light, fluffy texture when cooked. Mild and slightly nutty flavour. Uncooked",13.1,50.6,6.6,16.1
F007596,12101,"Quinoa, cooked in water, no added salt","Small beige seed which has a light, fluffy texture when cooked. Mild and slightly nutty flavour. Cooked in unsalted water without the addition of fat, oil or salt.",3.6,16.3,1.8,3.4
F007597,12101,"Quinoa, red, uncooked","Small rusty red seed which has a light, fluffy texture when cooked. Mild and slightly nutty flavour. Uncooked",14.1,55,6.9,13.8
F007598,12101,"Quinoa, uncooked","Small beige, red or black seed which has a light, fluffy texture when cooked. Mild and slightly nutty flavour.",12.9,58.6,6.5,12
F007599,12101,"Quinoa, white, uncooked","Small beige seed which has a light, fluffy texture when cooked. Mild and slightly nutty flavour. Uncooked",12.2,61.8,6.3,10.5
F007601,18202,"Rabbit, farmed, whole, raw","Uncooked meat from whole farmed rabbit carcase, offal and bone removed.",23.2,0,2.1,0
F007602,18202,"Rabbit, flesh, casseroled, no added fat","Flesh portion without offal or skin. Small amounts of external fat may remain but large deposits around organs were removed. Casseroled or poached with water, then drained with no added fat.",29.3,0.2,5.7,0
F007606,24302,"Radish, red skinned, unpeeled, raw",A red-skinned root vegetable with crisp white flesh. Unpeeled and uncooked.,0.8,1.9,0.2,1.1
F007608,24302,"Radish, white skinned, peeled, raw",A white-skinned root vegetable with crisp white flesh. Peeled and uncooked.,0.7,2.9,0.3,1.8
F007610,16801,Raisin,"Dried red grapes, dark brown in colour.",2.1,74.4,0.9,2.2
F007612,16502,"Rambutan, raw",Small fruit with either red or yellow skin with soft spines.,1,15.7,0.4,2.8
F007614,16202,"Raspberry, canned in syrup","Small round berries characterised by a collection of tiny, shiny red drupelets canned in sugar syrup.",0.6,17,0.1,2.5
F007615,16202,"Raspberry, canned in syrup, drained","Small round berries characterised by a collection of tiny, shiny red drupelets canned in sugar syrup, then drained.",1,16.2,0.2,6
F007616,16202,"Raspberry, canned in syrup, syrup only",Syrup made from water and sugar used in canned raspberries.,0.2,17.5,0,0
F007618,16201,"Raspberry, purchased frozen","Small round berries characterised by a collection of tiny, shiny red drupelets. Frozen prior to sale.",1.1,7,0.3,4.8
F007619,16201,"Raspberry, raw","Small round berries characterised by a collection of tiny, shiny red drupelets.",1.1,7,0.3,4.8
F007628,16601,"Rhubarb, stalk, raw",Long reddish/pink stem with large green leaves. Leaves removed.,1.5,1.7,0.2,2.2
F007630,16601,"Rhubarb, stewed, sugar sweetened, no added fat",Rhubarb stems simmered with sugar and a small amount of water. No added fat.,1.4,13.3,0.2,2.1
F007632,20104,"Rice beverage, fluid, added calcium","A dairy milk substitute made from filtered water, brown rice, sunflower oil and salt. Contains added calcium.",0.3,12.7,1,0
F007639,12102,"Rice paper wrapper, soaked in water","Thin edible paper used to prepare rice paper rolls or summer rolls, typically made from rice flour, salt and water. Sold dried in thin, translucent round or square sheets that are crisp to the touch. Soaked in water with no added oil or salt. Does not contain any fillings.",3.3,32.2,0.9,1
F007641,12102,"Rice, brown, boiled, no added salt",Grain with only the inedible outer husk removed. Cooked by boiling in unsalted water.,4.1,33.5,1.1,1.7
F007648,12102,"Rice, brown, uncooked",Grain with only the inedible outer husk removed. The bran coating gives it a light tan colour. Uncooked.,7.6,69.1,3.1,3.5
F007661,12102,"Rice, white, boiled or rice cooker, no added salt","Grain that has had its husk, bran and germ removed. Cooked by boiling on the stove top or in an electric rice cooker in unsalted water.",3.1,34.7,0.2,0.8
F007666,13511,"Rice, white, fried with bacon or ham, egg, prawns & vegetables","Commercially prepared fried rice with egg, ham or pork, prawns, peas and shallots, ready to eat. As purchased from Chinese restaurants.",5.5,31,5.2,1.2
F007678,12102,"Rice, white, purchased as 'instant', microwaved","Grain that has had its husk, bran and germ removed. Pre-cooked before purchase, then heated in the microwave.",3.4,32.5,0.6,1
F007682,12102,"Rice, white, uncooked","Grain that has had its husk, bran and germ removed. The grains after milling have a slight off-white colour. Uncooked.",7,74,0.9,0.8
F007683,12102,"Rice, wild, boiled, no added salt",A long-grain marsh grass. Cooked by boiling in unsalted water.,4,19.5,0.3,1.8
F007684,12102,"Rice, wild, uncooked",A long-grain marsh grass. Uncooked.,14.7,68.7,1.1,6.2
F007712,24401,"Rocket, fresh, raw","Long, soft green leaves with pronounced lobes and a distinctive peppery taste. Uncooked.",3.3,0.3,0.3,2.4
F007715,31302,"Rosemary, dried",Dried woody herb with fragrant needle-like green leaves on small stalks.,4.9,20.4,15.2,42.6
F007716,24403,"Rosemary, fresh, raw",A woody herb with fragrant needle-like green leaves on small stalks. Uncooked.,3.3,0.6,5.9,14.1
F007722,12101,"Rye, grain, whole, uncooked","Small, oval-shaped brown grains. Uncooked, unmilled.",11.1,51.3,2.6,17.3
F007724,12101,"Rye, rolled, uncooked",Crushed grain produced by steaming and flattening with hot rollers. Uncooked.,10.4,50.8,2.6,17.3
F007726,31302,"Sage, dried",Dry leaves of Salvia officinalis used as a herb.,10.6,20.4,12.8,40.3
F007728,12101,"Sago, cooked in water, no added salt","A starch extracted from the pith of the sago (and other tropical) palms that is processed into flour, meal and pearl sago. Cooked in unsalted water without the addition of fat or oil.",0,13.5,0,0.1
F007729,12101,"Sago, dry, uncooked","A starch extracted from the pith of the sago (and other tropical) palms that is processed into flour, meal and pearl sago. It is used as a thickening agent. Uncooked.",0.2,85.5,0.2,0.4
F007814,18603,"Salami, danish","Processed, fermented meat, served in circular slices. Contains pork, beef, salt, sugar, spices, sodium nitrite and sodium nitrate.",19.6,1.2,40.2,0
F007815,18603,"Salami, hungarian","Processed fermented meat, served in circular slices. Contains pork, beef, salt, spices, dextrose, antioxidant, sodium nitrite, sodium nitrate and sodium polyphosphate.",21.6,0.9,37.4,0
F007816,18603,"Salami, mettwurst","Processed fermented meat, served in circular slices. Contains beef, pork, salt, spices, sugar, skim milk powder, sodium nitrite and sodium nitrate.",21.9,0.8,37.5,0
F007817,18603,"Salami, milano","Processed fermented sweet meat, served in circular slices. Contains pork, beef, salt, sugar, spices, sodium nitrate and sodium nitrite.",21.7,2.2,36.9,0
F007818,18603,"Salami, all varieties, raw","Processed fermented sweet meat, served in circular slices. Contains pork, beef, salt, sugar, spice and sodium nitrite.",21.9,0.4,28.3,0.5
F007819,18603,"Salami, pepperoni","Spicy, fermented manufactured meat, served in thin circular slices. Product contains pork and beef, salt, sugar, spices, sodium nitrate and sodium nitrite.",23.5,1.6,36.1,0
F007826,15101,"Salmon, Atlantic, fillet, grilled, no added fat","Atlantic salmon fillet without skin, produced by aquaculture that has been grilled with no added fat.",22.9,0,18.6,0
F007827,15101,"Salmon, Atlantic, fillet, raw","Uncooked Atlantic salmon fillet, produced by aquaculture.",20.5,0,16.7,0
F007828,15101,"Salmon, Atlantic, fillet, steamed, no added fat","Atlantic salmon fillet without skin, produced by aquaculture that has been steamed with no added fat.",24.1,0,19.6,0
F007847,15401,"Salmon, flavoured, canned","Pink or red salmon, canned in water, oil and/or vinegar with added flavouring ingredients such as lemon juice, tomato, herbs and spices, vegetable oil and salt. Products vary in composition between brands. Salmon may be skinless and boneless, therefore the product may contain lower amounts of calcium than regular undrained canned salmon.",15.5,5.5,5,0
F007848,15101,"Salmon, Pacific King, fillet, skinless, grilled, no added fat","Pacific king salmon fillet without skin, produced by aquaculture that has been grilled with no added fat.",20.2,0,25.4,0
F007849,15101,"Salmon, Pacific King, fillet, skinless, raw","Uncooked pacific king salmon fillet without skin, produced by aquaculture.",18.1,0,22.8,0
F007850,15101,"Salmon, Pacific King, fillet, steamed, no added fat","Pacific King salmon fillet without skin, produced by aquaculture that has been steamed with no added fat.",21.3,0,26.8,0
F007853,15401,"Salmon, pink, canned in brine, drained","Flesh, bones and skin of fish labelled as being pink salmon, canned in brine, then drained.",20.7,0,6.2,0
F007860,15401,"Salmon, red, canned in brine, drained","Flesh, bones and skin of fish labelled as being red salmon, canned in brine, then drained.",24.4,0,5.5,0
F007864,15102,"Salmon, smoked, sliced",Salmon preserved by salting and smoking then sliced prior to sale. May contain small amounts of vegetable oil. Salmon may be produced in Australia or imported.,24.3,0,10.1,0
F007870,31301,"Salt substitute, potassium chloride","Product sold as a replacement for regular table salt, containing predominantly potassium chloride.",0,0,0,0
F007878,31301,"Salt, table, iodised","Fine granules of sodium chloride sold for direct addition to foods, to which iodine has been added in the form of potassium iodate or iodide. May contain free-flowing agents.",0,0,0,0
F007879,31301,"Salt, table, non-iodised",Fine granules of sodium chloride sold for direct addition to foods. May contain free-flowing agents and small amounts of other minerals such as potassium.,0,0,0,0
F007972,15101,"Sardine, Australian, whole, fried, no added fat",Australian sardines that have been fried with no added fat.,22,0,1.9,0
F007973,15101,"Sardine, Australian, whole, raw",Uncooked Australian sardines.,19.7,0,2.9,0
F007987,23102,"Sauce, barbecue, commercial","Commercially prepared sweet, thick, brown coloured, bottled sauce containing apples, sugar, Worcestershire sauce, golden syrup, food acid, thickener, salt, molasses, mixed citrus peel, raisins, spices, vegetable gum and water.",0.8,42.2,0.1,0.9
F007992,23104,"Sauce, butter chicken, commercial","Commercially prepared Indian style butter chicken sauce. Commonly contains water, tomatoes, onions, vegetable oil, cream, butter, sugar, salt, spices, garlic, chilli and colour.",1.3,5.8,7.6,1.9
F008000,23102,"Sauce, cranberry, commercial","Commercially prepared jellied or semi-jellied sweet jam-like sauce made from cranberries, sugars and water.",0,40,0,1.1
F008004,23102,"Sauce, fish, commercial","Commercially prepared sauce based on fish or anchovy extract, and salt, commonly used in Asian style cooking.",6.8,4.4,0.3,1.2
F008008,23102,"Sauce, hoi sin (hoisin), commercial","Commercially prepared sweet, spicy bottled sauce based on fermented soya beans with other ingredients.",1.6,37.2,5.4,10.4
F008026,23102,"Sauce, oyster, commercial","Commercially prepared sauce based on oyster extract, sugar, caramel, salt, starch, flavour, protein or hydrolysed vegetable protein, soy sauce, preservative, sodium benzoate, water, food conditioner. Commonly used in Asian-style cooking.",2.8,21,1,0.3
F008028,23102,"Sauce, pasta or simmer, commercial, low fat","Commercially prepared sauce for use as a simmer/pasta bake sauce, formulated so as to contain less than 3% fat. Typical ingredients include water, thickener, cheese, onion, garlic, salt, flavours, herbs and spices.",0.8,6.6,2.9,1.3
F008029,23102,"Sauce, pasta, basil pesto, commercial","Commercially prepared basil pesto flavoured pasta sauce. Commonly containing basil, vegetable and /or olive oil, cashews, pine nuts, water, cheese, sugar, salt and garlic.",5.3,7.4,37.1,1.5
F008031,18701,"Sauce, pasta, bolognese, homemade using beef mince & commercial tomato based sauce","Home prepared savoury sauce made from beef mince and other ingredients including onion, garlic, oil and a commercial tomato based sauce. Commonly served with pasta.",10,3.9,6.2,1.1
F008032,18701,"Sauce, pasta, bolognese, homemade using beef mince & homemade tomato based sauce","Home prepared savoury sauce made from beef mince and other ingredients such as onion, garlic, oil, tomatoes, tomato paste, water, pepper, herbs and occasionally wine. May contain vegetables such as mushroom, carrot, zucchini and red capsicum. Does not contain added salt and sugar.",8.8,3.8,4.5,1.4
F008036,23102,"Sauce, pasta, cheese or cream-based, commercial","Commercially prepared creamy pasta sauce containing water, cream and/or cheese, thickener, vegetable oil, flavours, salt, herbs and spices. Different flavoured sauces may also contain vegetables, and/or meat products.",1.4,5.3,6.8,0.1
F008050,23104,"Sauce, pasta, tomato-based, commercial, heated","Commercially prepared tomato-based pasta sauce with herbs, spices and vegetables for addition to pasta dishes. Heated without added ingredients according to label instructions.",1.6,7.5,1.5,1.8
F008054,23102,"Sauce, plum, commercial","Commercially prepared chutney-style, spicy, sweet, hot sauce, based on plums.",0.1,56.5,0.8,0.6
F008055,23102,"Sauce, rogan josh, commercial","Commercially prepared Indian style Rogan Josh flavoured sauce. Commonly contains water, vegetable oil, salt, coriander, ginger, chilli, spices, gram flour and pepper.",1.5,6.2,4.1,1.9
F008056,23104,"Sauce, salsa, tomato-based, commercial","Commercially prepared Mexican style, tomato based dip. Typical ingredients include tomato, onion, capsicum, jalapenos, salt and chilli.",1.3,6.3,0,1.6
F008062,23102,"Sauce, simmer for chicken, commercial","Commercially prepared simmer/bake sauce intended for use with chicken dishes. Typical base ingredients  include water, vegetable oil, onion, thickener, flavours, herbs and spices. Additional ingredients may be included depending on the flavour of the simmer sauce.",0.8,4.8,7.5,1.7
F008063,23102,"Sauce, simmer, curry flavoured, commercial",Commercially prepared simmer style sauce suitable for pouring over chicken or beef to produce an Indian-style curry.,2.1,10.7,6.9,2.3
F008065,23102,"Sauce, soy, commercial","Commercially prepared dark brown salty liquid sauce commonly containing hydrolysed soy protein, hydrolysed wheat protein, salt, colour (caramel) and water.",6.8,3.2,0,0
F008067,23102,"Sauce, soy, commercial, reduced salt","Commercially prepared dark brown, salty, liquid sauce commonly containing hydrolysed soy protein, hydrolysed wheat protein, salt, colour (caramel) and water. Reduced in salt compared to regular soy sauce.",6.8,3.2,0,0
F008077,23102,"Sauce, tabasco, commercial",Commercially prepared spicy sauce made from red peppers.,1.3,0.1,0.8,0.6
F008083,23104,"Sauce, tomato, commercial","Commercially prepared sauce with a thick consistency. Contains tomatoes, sugar, salt, food acid and spices.",1.3,24.1,0,1.3
F008085,23104,"Sauce, tomato, commercial, reduced salt","Commercially prepared sauce with a thick consistency formulated to have less added salt than regular commercial tomato sauce. Contains tomatoes, sugar, salt, food acid and spices.",1.3,24.1,0,1.3
F008090,23103,"Sauce, white, savoury, homemade","Home prepared creamy style sauce made in the home from  butter, white wheat flour and milk.",3.9,10.8,13.5,0.2
F008094,23102,"Sauce, Worcestershire, commercial","Commercially prepared fermented liquid condiment made with vinegar, molasses, golden syrup, salt, water, spices, soy sauce, pepper, tamarinds, anchovies, lemon oil, onion and garlic powder.",1.3,17.6,0.2,0
F008098,13405,"Sausage roll, commercial, ready to eat","Commercially prepared meat filling (usually beef and/or lamb) rolled in pastry, purchased ready to eat.",9.7,27.2,14.6,3
F008101,13405,"Sausage roll, purchased frozen, baked","Commercially prepared meat filling (usually beef and/or lamb) rolled in pastry, purchased frozen, and baked at home.",9.7,27.2,12.7,3
F008106,18501,"Sausage, beef, fried, no added fat","Sausage (thick or thin) commonly containing minced beef, wheat flour, salt, rice flour, mineral salts, preservative, spices, and water. Cooked with no added fat.",16.4,4,18.4,0.4
F008107,18501,"Sausage, beef, grilled, no added fat","Sausage (thick or thin) commonly containing minced beef, wheat flour, salt, rice flour, mineral salts, preservative, spices, and water. Sausages pricked and grilled under hot grill, turning frequently for 12 minutes, with no added fat.",17.2,3.8,14.9,0.2
F008112,18501,"Sausage, beef, raw","Uncooked sausage (thick or thin) commonly containing minced beef, wheat flour, salt, rice flour, mineral salts, preservative, spices, and water.",14.5,2.9,18.7,0
F008116,18501,"Sausage, chicken, flavoured, fried, no added fat","Sausage (thick or thin) commonly containing minced chicken, wheat flour, salt, rice flour, mineral salts, preservative, spices, and water, with added flavour. Fried with no added fat.",18.2,4.9,12,0.6
F008119,18501,"Sausage, chicken, plain, fried, no added fat","Sausage (thick or thin) commonly containing minced chicken, wheat flour, salt, rice flour, mineral salts, preservative, spices, and water. Cooked with no added fat.",18.2,4.9,12,0.6
F008125,18603,"Sausage, chorizo, fried, no added fat","Spicy, fermented manufactured meat. Product contains pork and beef, salt, sugar, spices, sodium nitrate and sodium nitrite. Fried with no added fat.",21.2,1.3,23.3,0.5
F008126,18603,"Sausage, chorizo, uncooked","Uncooked spicy, fermented manufactured meat, served in thin circular slices. Product contains pork and beef, salt, sugar, spices, sodium nitrate and sodium nitrite.",20.1,1.2,22.1,0.5
F008136,18501,"Sausage, lamb, flavoured, fried, no added fat","Sausage (thick or thin) commonly containing minced lamb, wheat flour, salt, rice flour, mineral salts, preservative, spices, and water with added flavours. Cooked with no added fat.",15.6,4.9,16.1,0.4
F008137,18501,"Sausage, lamb, plain, fried, no added fat","Sausage (thick or thin) commonly containing minced lamb, wheat flour, salt, rice flour, mineral salts, preservative, spices, and water. Fried with no added fat.",15.6,4.9,16.1,0.4
F008143,18501,"Sausage, pork, fried, no added fat","Sausage (thick or thin) commonly containing pork, wheat flour, salt, rice flour, mineral salts, preservative, hydrolysed vegetable protein, spices and water. Cooked with no added fat.",16.5,4.5,19.4,1.4
F008151,20603,"Sausage, vegetarian style, added Fe, Zn and vitamin B12, raw","Sausages made from chopped, minced, or blended vegetables and/or legumes and other ingredients such as spices, sugar and salt. Contains added iron, zinc and vitamin B12.",19,7.4,9.4,1.5
F008153,20603,"Sausage, vegetarian style, fried, no added fat","Sausages made from chopped, minced, or blended vegetables and/or legumes and other ingredients such as spices, sugar and salt. May contain added iron, zinc and vitamin B12. Cooked by frying with out added fat.",20,7.8,9.9,1.6
F008155,20603,"Sausage, vegetarian style, unfortified, raw","Sausages made from chopped, minced, or blended vegetables and/or legumes and other ingredients such as spices, sugar and salt. Does not contain added vitamins or minerals.",19,7.4,9.4,1.5
F008165,15202,"Scallop, fried, no added fat",Flesh and roe of a scallop that has been fried with no added fat.,19.5,4.2,1,0
F008166,15202,"Scallop, raw",Uncooked flesh and roe of a scallop.,15.6,3.4,0.8,0
F008172,13305,"Scone, fruit, commercial","Commercially prepared, dough-like product made from flour, water, sugar, fat, egg, fruit such as sultanas, dates and currants and a raising agent.",6.4,59.9,6.6,2.5
F008173,13305,"Scone, plain, commercial","Commercially prepared, dough-like product made from flour, water, sugar, fat and a raising agent.",7.9,55.2,8.5,2.1
F008174,13305,"Scone, plain, homemade","Home prepared dough-like product made from common household ingredients such as flour, milk, sugar, fat, egg and a raising agent.",8,50.7,9.5,1.4
F008176,13305,"Scone, pumpkin, homemade","Dough-like product made from white wheat flour, milk, sugar, fat, egg and raising agent to which mashed pumpkin is added before baking.",7.4,47.9,7.4,1.7
F008203,24404,"Seaweed, boiled, drained","Dried edible seaweed that has been boiled in unsalted water, without added fat, then drained.",8.4,0.4,0.8,6.2
F008204,24404,"Seaweed, nori, dried","Dried edible seaweed brought in round or square sheets, commonly used for making sushi.",46.7,2.3,4.3,34.3
F008209,22101,"Seed, chia, dried",Small dried oval seed commonly black or white in colour.,23.8,3.1,29.8,33.2
F008210,22101,"Seed, linseed or flaxseed",Small black dried ripe seeds from the flax plant.,21.6,2.8,32.6,32.9
F008211,22101,"Seed, poppy",Small black kidney-shaped seeds of the opium poppy.,18,8.6,41.6,19.5
F008212,22101,"Seed, pumpkin, hulled & dried","Edible, green-coloured seed from a pumpkin.",30.2,2.1,45,4.6
F008214,22101,"Seed, sesame, unsalted","Raw hulled sesame seeds, white in colour.",22.2,6.2,55.6,10.1
F008215,22101,"Seed, sunflower",Kernels produced by removing the outer shell of the seeds of the sunflower.,24.7,3.1,48.3,13
F008220,12103,"Semolina, boiled, no added fat or salt",Coarsely ground starchy product from the inner endosperm of durum wheat. It is granular in appearance and ranges from clear to yellow in colour. Cooked in unsalted water without the addition of fat or salt.,3.4,19.6,0.4,1
F008222,12103,"Semolina, uncooked",Coarsely ground starchy product from the inner endosperm of durum wheat. It is granular in appearance and ranges from clear to yellow in colour. Uncooked.,10.7,61.6,1.2,3.2
F008226,24802,"Shallot, peeled, fresh, fried, no added fat","Immature onion with a thin cylindrical white base, and long dark green stalks. Fried without added fat.",2.4,5,0.2,4.7
F008227,24802,"Shallot, peeled, fresh, raw","Immature onion with a thin cylindrical white base, and long dark green stalks. Uncooked.",1.5,3.1,0.1,2.9
F008233,15502,"Shark, battered, deep-fried, takeaway outlet","Shark or flake fillet without skin, coated in batter and deep fried, purchased ready to eat from a takeaway outlet.",21.1,9.9,12.8,0.9
F008236,15101,"Shark, fillet, without skin, baked, no added fat","Shark or flake (typically Gummy, School and Black Tipped shark) fillet without skin that has been cooked by any method.",33.8,0,0.6,0
F008237,15101,"Shark, fillet, without skin, raw","Uncooked shark or flake (typically Gummy, School and Black Tipped shark) fillet without skin.",24.6,0,0.4,0
F008238,15101,"Shark, fillet, without skin, steamed, no added fat","Shark or flake (typically Gummy, School and Black Tipped shark) fillet without skin that has been steamed with no added fat.",27.7,0,0.5,0
F008258,15101,"Silver perch, aquacultured, baked, no added fat",Silver perch fillet that has been cooked by any method.,26.7,0,22,0
F008263,15101,"Silver perch, aquacultured, raw","Uncooked silver perch fillet, produced in Australia by aquaculture.",19.5,0,16,0
F008264,15101,"Silver perch, aquacultured, steamed, no added fat","Silver perch fillet, produced in Australia by aquaculture, that has been steamed with no added fat.",23.2,0,19.1,0
F008266,24401,"Silverbeet, fresh, boiled, drained","Vegetable similar to spinach, with large white stem and frilly dark green leaves. Chopped and boiled in unsalted water, without added fat, then drained.",2.5,1.7,0.3,2.7
F008267,24401,"Silverbeet, fresh, raw","Vegetable similar to spinach, with large white stem and frilly dark green leaves. Uncooked.",2.1,1.4,0.2,2.3
F008272,13304,"Slice, brownie, chocolate, with nuts, homemade",Home prepared densely textured chocolate slice containing chopped nuts.,6.5,52.7,25.5,1.9
F008273,13304,"Slice, brownie, chocolate, without nuts, commercial",Commercially prepared densely textured chocolate slice.,7.1,45.6,23.1,2.6
F008278,13304,"Slice, caramel","Sweet slice made from ingredients such as flour, coconut, sugar, butter, condensed milk, golden syrup and chocolate. The slice has a biscuit-style base, firm caramel filling and hard chocolate top.",5.3,52.4,24.6,0.8
F008358,15101,"Snapper, fillet, baked, no added fat",Snapper fillet that has been cooked by any method.,27.8,0,2.2,0
F008359,15101,"Snapper, fillet, raw",Uncooked snapper fillet.,20.3,0,1.6,0
F008360,15101,"Snapper, fillet, steamed, no added fat",Snapper fillet that has been steamed with no added fat.,27.8,0,2.2,0
F008371,24501,"Snow pea, fresh, boiled, drained","A long flat green pod, containing small round green peas. Chopped and boiled in unsalted water, without added fat, then drained.",3.2,6,0,2.8
F008372,24501,"Snow pea, fresh, fried, no added fat","A long flat green pod, containing small round green peas. Chopped and fried without added fat.",3.8,7,0,3.2
F008373,24501,"Snow pea, fresh, raw","A flat, green edible pod, containing small, round, green peas. Uncooked.",3,5.6,0,2.6
F008377,11802,"Water, soda",Carbonated water.,0,0,0,0
F008402,11603,"Soft drink, cola flavour","Carbonated, non-alcoholic beverage containing water, sugar, cola flavour, caffeine and colours.",0,12.3,0.2,0
F008403,11603,"Soft drink, cola flavour, decaffeinated","Decaffeinated, carbonated, non-alcoholic beverage containing water, sugar, cola flavour.",0,12.3,0.2,0
F008404,11604,"Soft drink, cola flavour, intense sweetened or diet","Carbonated, non-alcoholic beverage containing water, intense sweeteners, cola flavour, caffeine and colours.",0,0,0,0
F008405,11604,"Soft drink, cola flavour, intense sweetened or diet, decaffeinated","Decaffeinated, carbonated, non-alcoholic beverage containing water, intense sweeteners, cola flavour and colours.",0,0,0,0
F008411,11601,"Soft drink, dry ginger ale or ginger beer, regular","Carbonated, non-alcoholic beverage prepared from water, sugar, and colours.",0,9.8,0,0
F008421,11703,"Soft drink, energy drink, Red Bull","Carbonated, non-alcoholic water-based flavoured beverage containing added caffeine, taurine, glucuronolactone, inositol, niacinamide, pantothenic acid, vitamins B6 and B12.",0.1,10.8,0,0
F008424,11703,"Soft drink, energy drink, V","Carbonated, non-alcoholic water-based flavoured beverage containing added caffeine, taurine, guarana, inositol, glucuronolactone, pantothenic acid, vitamins B2, B3, B6 and B12. May also contain ginkgo biloba extract.",0.1,10.8,0,0
F008438,11601,"Soft drink, fruit flavours","Carbonated, non-alcoholic beverage prepared from water, sugar and citric acid.",0,8.8,0,0
F008439,11602,"Soft drink, fruit flavours, intense sweetened or diet","Carbonated, non-alcoholic beverage prepared from water, intense sweetener, fruit flavours and colours.",0,0,0,0
F008460,11601,"Soft drink, tonic water","Carbonated, non-alcoholic beverage prepared from water and sugar with added quinine.",0,8.8,0,0
F008461,11602,"Soft drink, tonic water, intense sweetened or diet","Carbonated, non-alcoholic beverage prepared from water and intense sweetener with added quinine.",0,0,0,0
F008474,12101,"Sorghum, grain, uncooked","Small, round grain that is orange-red in colour. Can be milled into flour or kibbled (cut into) 3 or 4 pieces.",8.2,65.8,3.6,8.6
F008508,21201,"Soup, broth style, with meat & noodles, instant dry mix","Instant dry chicken noodle soup mix containing noodles, salt, sugar, flavour enhancer, garlic, skim milk, vegetable fat, hydrolysed veg. protein, chicken, onion, parsley, spices, herbs, colour (turmeric). Requires mixing with boiling water in a cup before consumption.",10.8,64.1,6.3,2.2
F008509,21201,"Soup, broth style, with meat, instant dry mix","Instant dry beef mix soup containing beef or chicken and other ingredients such as spices and herbs, maltodextrins, salt and starch. Requires mixing with boiling water in a cup before consumption.",4.8,65.7,3.3,4.3
F008513,21301,"Soup, chicken & noodle, cup of soup, prepared from instant dry mix with water",Chicken noodle soup prepared from instant dry soup mix by mixing with boiling tap water according to label instructions.,0.7,3.4,0.2,0.3
F008571,21201,"Soup, cream variety, instant dry mix","Instant dry cream type soup mix including chicken, onion, mushroom and vegetable flavours. Typical ingredients include chicken, dried onions, mushrooms, purees of potato, carrot, leak, wheat flour, green bean, swede, salt, non-fat milk solids, beef fat, vegetable protein, herbs and spices, maltodextrin, flavours and enhancers. Requires mixing with boiling water before consumption.",5.3,59.1,13.2,6.5
F008661,21201,"Soup, vegetable & noodle, instant dry mix","Instant tomato soup dry mix with noodles, containing tomato powder, wheat gluten, beverage whitener, vegetable oil, antioxidants, maize starch, maltodextrin, salt and spices. Requires mixing with boiling water before consumption.",8.7,65.5,6.3,3.9
F008670,21201,"Soup, vegetable, instant dry mix","Dry onion soup mix containing dried onion and other ingredients such as mushrooms, herbs, wheat flour, vegetable oil, beverage whitener, milk proteins, salt and vegetable gum. Requires mixing with boiling water before consumption.",6.7,58.3,2.1,3.3
F008704,20102,"Soy beverage, reduced fat (~1%), added Ca & vitamins A, B1, B2 & B12","A dairy milk substitute prepared from soy beans with a reduced fat content of ~1%. Contains added calcium, potassium, magnesium, vitamins A, B1, B2, B12 and D.",3,5.7,0.9,0.6
F008719,20102,"Soy beverage, regular fat (~3%), added Ca",A dairy milk substitute prepared from soy beans with a fat content of 3%. Contains added calcium.,3.7,4.6,2.7,0.6
F008720,20102,"Soy beverage, regular fat (~3%), added Ca & vitamins A, B1, B2 & B12","A dairy milk substitute prepared from soy beans with a fat content of 3%. Contains added calcium and vitamins A, B1, B2 and B12.",4.4,4.6,2.7,0.6
F008721,20101,"Soy beverage, regular fat (~3%), unfortified","A dairy milk substitute prepared from soy beans with a fat content of 3%. Does not contain added vitamins, minerals or artificial flavouring substances.",3.7,4.6,2.7,0.6
F008737,13509,"Spaghetti in tomato & cheese sauce, canned",Commercially prepared canned pasta product containing spaghetti in tomato and cheese sauce.,2.5,10.7,0,0.8
F008738,13509,"Spaghetti in tomato & cheese sauce, canned, reduced salt",Commercially prepared canned pasta product containing spaghetti in a reduced salt tomato and cheese sauce.,2.5,10.7,0,0.8
F008740,18606,"Spam, canned","Manufactured pork product containing chopped pork shoulder, leg ham, salt, sugar, mineral salts, sodium nitrite and water.",14.2,1.9,26.1,0
F008744,12101,"Spelt, boiled, no added fat or salt",Small uncooked grain from the wheat family. Uncooked.,4.8,24.5,1.2,3.6
F008745,12101,"Spelt, uncooked",Small uncooked grain from the wheat family. Uncooked.,11.7,59.2,3,8.8
F008749,24401,"Spinach, baby, fresh, raw",Leafy vegetable with vivid green leaves. Uncooked.,2.8,0,0,2.5
F008760,24401,"Spinach, Mature English, fresh, boiled, drained","Leafy vegetable, with vivid green, slightly crinkled leaves on fine stems. Boiled in unsalted water, without added fat, then drained.",2.8,0.7,0.4,2.9
F008761,24401,"Spinach, Mature English, fresh, raw","Leafy vegetable with vivid green, slightly crinkled leaves on fine stems. Uncooked.",2.4,0.6,0.3,2.5
F008763,24401,"Spinach, water, fresh, raw",Leaves and stems of a creeping herbaceous vine. Some varieties have purple stems. Uncooked.,2.9,1,0.5,2.8
F008774,15101,"Sprat, blue, wild caught, flesh, skin & bones, fried, no added fat","Fish described as Australian sardines but of two species (Sardinops sagax and Spratelloides robustus). Wild harvested, fried with no added fat.",22,0,1.9,0
F008775,15101,"Sprat, blue, wild caught, flesh, skin & bones, raw","Fish described as Australian sardines but of two species (Sardinops sagax and Spratelloides robustus). Wild harvested, uncooked.",18.7,0,1.6,0
F008777,27204,"Spread, hazelnut & chocolate flavoured","A thick, chocolate flavoured hazelnut spread.",6.8,57.8,30.3,3.7
F008783,31102,"Spread, yeast, marmite","Commercial thick, dark brown concentrated yeast extract spread. Contains added salt, and vitamins B1, B2 and B3.",13.3,16.6,0.9,11.8
F008785,31102,"Spread, yeast, vegemite","Commercial, thick dark brown, salty concentrated yeast extract spread made by treating yeast with acid. Contains added salt, and vitamins B1, B2 and B3.",24.4,10.9,0.9,6.5
F008794,13406,"Spring roll, meat & vegetable filling, commercial, deep fried","Commercially prepared meat and/or vegetable filling rolled in thin pastry, which has been deep fried. Includes spring rolls purchased frozen and served in takeaway food outlets.",7.5,27.5,11.7,2.8
F008803,24503,"Sprout, alfalfa, fresh, raw","A very fine, short sprout with a pale green stalk and fresh green tip. Uncooked.",3.2,0.5,0.3,2.2
F008806,24503,"Sprout, bean, fresh, raw","Sprouted from mung bean seeds, long and translucent to white in colour, with a short tapering green sheathed root. Uncooked.",3.1,1.6,0.1,1.3
F008810,24702,"Squash, button, fresh, boiled, drained","Small, rounded vegetable fruit, generally with a yellow skin. Boiled in unsalted water, without added fat, then drained.",3.2,3.8,0.2,0.6
F008811,24702,"Squash, button, fresh, raw","Small, rounded vegetable fruit, generally with a yellow skin. Uncooked.",2.7,3.2,0.2,0.5
F008812,24702,"Squash, scallopini, fresh, boiled, drained","Small, rounded vegetable fruit, generally with a green skin. Boiled in unsalted water, without added fat, then drained.",2.6,2.5,0.2,0.6
F008813,24702,"Squash, scallopini, fresh, raw","Small, rounded vegetable fruit, generally with a green skin. Uncooked.",2.2,2.1,0.2,0.5
F008825,15202,"Squid or calamari, fried, no added fat","Squid tubes, cut into ring shapes that have been fried with no added fat.",20.9,0,1.5,0
F008828,15202,"Squid or calamari, raw",Uncooked squid tubes.,16.7,0,1.2,0
F008831,24102,"Starch, potato",Fine powder composed of polysaccharides derived from the potato tuber.,0,74.5,0.5,5.9
F008933,31303,"Stock, dry powder or cube",Concentrated meat stock that is dried and supplied as a powder or compressed into a cube. Contains ingredients such as salt and flavours.,11.3,22.5,8.9,0
F008936,31304,"Stock, liquid, all flavours (except fish), prepared from commercial powder or cube","Savoury liquid prepared by diluting commercial stock powder or cubes with water. Can be consumed alone, or used as an ingredient to flavour recipes. Contains ingredients such as salt and flavours.",0.2,0.4,0.2,0
F008945,16202,"Strawberry, canned in syrup",Small sweet red berry with small seeds on the exterior canned in sugar syrup.,0.4,18.9,0.2,1.5
F008946,16202,"Strawberry, canned in syrup, drained","Small sweet red berry with small seeds on the exterior canned in sugar syrup, then drained.",0.9,18.7,0.1,3.5
F008947,16202,"Strawberry, canned in syrup, syrup only","Syrup made from water and sugar, used in canned strawberries.",0.1,19,0.2,0
F008951,16201,"Strawberry, purchased frozen",Small sweet red berry with small seeds on the exterior. Frozen prior to sale.,0.7,5.6,0.2,2.1
F008952,16201,"Strawberry, raw",Small sweet red berry with small seeds on the exterior.,0.7,5.6,0.2,2.1
F008969,27101,"Sugar, brown",A soft moist brown sugar with a fine crystal size.,0.2,96.8,0,0
F008973,27101,"Sugar, raw",A light brown sugar characterised by a larger crystal size and consists of 98% sucrose and 2% water and ash.,0,99.8,0,0
F008976,27101,"Sugar, white, granulated or lump","Purified extract from the sugar cane plant that is composed almost entirely of sucrose and may be supplied in lumps, coarse or fine granules or as a powder.",0,100,0,0
F008980,27101,"Sugar, white, icing",Produced by milling granulated sugar which is a form of sucrose refined from sugar cane to produce a fine white powder.,0,100,0,0
F008981,27101,"Sugar, white, icing mixture",Produced by milling granulated sugar which is a form of sucrose refined from sugar cane to produce a fine white powder. Wheat starch is added to maintain a fine powder.,0,99.6,0,0
F008983,16801,Sultana,"Dried green grapes, dark brown in colour.",2.6,75.8,0.3,3.3
F009020,24302,"Swede, peeled, fresh, boiled, drained","Root vegetable with yellow flesh and pale yellow skin. Peeled and boiled in unsalted water, without added fat, then drained.",1,4,0,2.4
F009021,24302,"Swede, peeled, fresh, raw",Root vegetable with yellow flesh and pale yellow skin. Peeled and uncooked.,0.9,3.7,0,2.2
F009033,24302,"Sweet potato, orange flesh, peeled, fresh, baked, no added fat","A long, large tuberous vegetable, with red skin and orange flesh. Peeled, chopped and baked without added fat.",1.8,16.1,0.2,3.2
F009034,24302,"Sweet potato, orange flesh, peeled, fresh, boiled, drained","A long, large tuberous vegetable, with red skin and orange flesh. Peeled, chopped and boiled in unsalted water, without added fat, then drained.",1.6,14.2,0.2,2.8
F009035,24302,"Sweet potato, orange flesh, peeled, fresh, raw","A long, large tuberous vegetable, with red skin and orange flesh. Peeled and uncooked.",1.4,13.2,0.2,2.6
F009037,24302,"Sweet potato, white flesh, peeled or unpeeled, fresh or frozen, baked, roasted, fried, stir-fried, grilled or BBQ'd, no added fat","A long, large tuberous vegetable, with purple or pale skin and pale flesh. Peeled or unpeeled. Cooked by baking or roasting, by frying or stir-frying, or by grilling or BBQ'ing without added fat.",1.8,29.5,0.2,3.9
F009039,24302,"Sweet potato, white flesh, peeled, raw","A long, large tuberous vegetable, with red or orange skin and white flesh. Peeled and uncooked.",1.4,24.2,0.2,3.2
F009049,27102,"Syrup, golden",Made from sugar syrup which has been partially broken down into glucose and fructose and is light to medium brown in colour.,0.2,74.9,0,0
F009052,27102,"Syrup, maple, pure",Light to medium brown coloured sugar syrup traditionally made by boiling maple tree sap at atmospheric pressure or by freeze-drying it at reduced atmospheric pressure. Imported into Australia.,0,67,0.1,0
F009072,31303,"Taco seasoning mix, chilli-based","Powdered product intended for addition to meat and other ingredients to prepare Mexican-style dishes such as taco filling. Typical ingredients include salt, sugar, maize starch, spices, chilli and citric acid.",6.2,58.1,4.8,8.7
F009073,26201,"Taco shell, from corn flour, plain",Pre-purchased hard corn-based shells for use in preparing tacos. Shells are fried before packaging.,6.8,56.3,21.8,7.3
F009076,22102,"Tahini, sesame seed pulp",Ground sesame seed pulp.,20.4,1,60.7,13.5
F009080,16501,"Tamarillo, peeled, raw","Small fruit with a smooth peel that can be purple, red, orange, or yellow. It has a black or orange flesh (the darker the peel, the darker the flesh) surrounding a nest of seeds",2,3.4,0.1,4.7
F009081,16804,"Tamarind, paste, pure","Paste prepared exclusively with the pulp of ripe Tamarindus indica pod seeds, commonly used in tropical cuisine sauces.",2.8,57.4,0.6,5.1
F009087,16303,"Tangelo, peeled, raw","Mandarin grapefruit cross. Cultivars include: Orlando, Minneola, Seminole and San Jucinto.",0.6,7.8,0.1,2
F009088,16303,"Tangerine or tangor, peeled, raw",Mandarin orange cross.,1,8.1,0.2,1.5
F009089,12103,"Tapioca, pearl or seed style, boiled, no added fat or salt",Starchy product supplied in the form of small pellets (also known as seeds or pearls). Sometimes sold labelled as Sago tapioca or Sago. Cooked by boiling according to label instructions.,0,11.5,0,0
F009090,12103,"Tapioca, pearl or seed style, uncooked",Starchy product from the cassava plant supplied in the form of small pellets (also known as seeds or pearls). Sometimes sold labelled as Sago tapioca or Sago. Imported into Australia. Uncooked.,0.2,79.3,0.2,0
F009093,24302,"Taro, peeled, fresh, boiled, drained","Tuber vegetable with light brown rough skin and cream to pink flesh. Peeled and boiled in unsalted water, without added fat, then drained.",2,25.2,0.2,3.8
F009094,24302,"Taro, peeled, fresh, raw",Tuber vegetable with a light brown rough skin and a cream to pink flesh. Peeled and uncooked.,1.9,23.4,0.2,3.5
F009102,13403,"Tart, custard, commercial",Commercially prepared shortcrust pastry shell with a custard filling.,6.3,30.2,10.7,1
F009115,11101,"Tea, black, brewed from leaf or teabags, decaffeinated","Beverage prepared by brewing black decaffeinated tea leaves (dried, fermented leaves of Chrysanthemum species) in hot water, either as loose tea leaves or encased in porous teabags. Does not contain added flavours, milk or sugar.",0.1,0,0,0
F009117,11101,"Tea, green, plain, without milk","Beverage prepared by brewing green, unfermented tea leaves in hot water, either as loose tea leaves or encased in porous teabags. Does not contain added flavours, milk or sugar.",0.2,0,0,0
F009125,11101,"Tea, regular, black, brewed from leaf or teabags, without milk","Beverage prepared by brewing black tea leaves (dried, fermented leaves of Camellia sinensis) in hot water, either as loose tea leaves or encased in porous teabags. Tea is not decaffeinated or flavoured. Does not contain added milk or sugar.",0.1,0,0,0
F009147,20601,Textured vegetable protein/soy granules,"Textured vegetable protein is a defatted soy flour product, a by-product of extracting soybean oil. It is often used as a meat analogue or meat extender.",51.5,15.2,1.2,17.5
F009160,31302,"Thyme, dried, ground","Dried, and sometimes ground, leaves of Thymus vulgaris, used as a culinary herb.",9.1,26.9,7.4,37
F009161,15101,"Tilapia, fillet, baked, no added fat","Tilapia fillet, produced by aquaculture and imported into Australia that has been baked with no added fat.",25.3,0,6,0
F009163,15101,"Tilapia, fillet, raw","Uncooked tilapia fillet, produced by aquaculture and imported into Australia.",18.5,0,4.4,0
F009164,15101,"Tilapia, fillet, steamed, no added fat","Tilapia fillet, produced by aquaculture and imported into Australia, that has been steamed with no added fat.",22,0,5.2,0
F009176,20601,"Tofu (soy bean curd), firm, as purchased","Commercially prepared soy bean extract, that has set to a firm texture. Ingredients include water, soy beans, glucono-delta lactone, and nigari (magnesium chloride) or calcium salts.",12.8,0,8.3,1
F009190,24601,"Tomato, cherry, raw","Small and round or oval in shape, with a bright red shiny skin and red pulp with whitish seeds. Uncooked.",0.9,3.5,0,1.7
F009193,24601,"Tomato, common, raw","Round in shape, with a bright red shiny skin and red pulp and whitish seeds. Uncooked.",0.6,3,0,1.1
F009206,24602,"Tomato, paste, no added salt","A thick red paste made from tomatoes, with no added salt",3.4,10.1,0.5,3.6
F009208,24602,"Tomato, paste, with added salt",A thick red paste made from tomatoes with added salt.,3.1,10.4,0.3,3.5
F009209,24602,"Tomato, puree, commercial",Canned pureed tomatoes with added salt,1.2,3.8,0.1,1.5
F009217,24602,"Tomato, sundried",Tomatoes that have been left out to dry in the sun.,11.2,35.2,4.6,14.7
F009221,24602,"Tomato, whole, canned in tomato juice, drained","Canned, whole peeled tomatoes, packed in tomato juice with added salt, then drained.",0.8,3,0.3,1.3
F009222,24602,"Tomato, whole, canned in tomato juice, undrained","Canned whole peeled tomatoes, packed in tomato juice with added salt.",0.9,3,0,1
F009260,12101,"Triticale, grain, uncooked","A beige coloured, long, oval-shaped grain that is a wheat-rye hybrid. Can be milled into flour or kibbled (cut) into 3 or 4 pieces.",9.6,58.3,2.4,14.4
F009267,15101,"Trout, ocean, aquacultured, fillet, without skin, baked, no added fat","Uncooked ocean trout, produced in Australia by aquaculture that has been backed with no added fat.",23.8,0,33.7,0
F009268,15101,"Trout, ocean, aquacultured, fillet, without skin, raw","Uncooked ocean trout, produced in Australia by aquaculture.",17.4,0,24.6,0
F009269,15101,"Trout, ocean, aquacultured, fillet, without skin, steamed, no added fat","Uncooked ocean trout, produced in Australia by aquaculture that has been steamed with no added fat.",20.7,0,29.3,0
F009270,15101,"Trout, rainbow, aquacultured, baked, no added fat","Rainbow trout (including some skin), produced in Australia by aquaculture that has been cooked by any method.",26.8,0,11.6,0
F009271,15101,"Trout, rainbow, aquacultured, raw","Uncooked rainbow trout (including some skin), produced in Australia by aquaculture.",19.6,0,8.4,0
F009273,15101,"Trout, rainbow, aquacultured, steamed, no added fat","Rainbow trout with or without skin, cooked by steaming, without added fat or oil.",23.3,0,10,0
F009285,15401,"Tuna, canned in brine, drained","Tuna flesh preserved by canning in brine, then drained.",26.1,0,2.6,0
F009293,15401,"Tuna, flavoured, canned in oil","Tuna flesh canned in oil, water and/or vinegar with added flavouring ingredients such as chilli, tomato, lemon juice, onion, herbs and spices and salt. Products vary in composition between brands.",18,3.3,5.8,0.3
F009300,15401,"Tuna, unflavoured, canned in water, drained","Tuna flesh, canned in water, drained.",26.1,0,2.6,0
F009302,15101,"Tuna, yellowfin, fillet, baked, no added fat","Tuna flesh, that has been cooked by any method.",32,0,1.4,0
F009303,15101,"Tuna, yellowfin, fillet, raw",Uncooked yellowfin tuna flesh.,23.4,0,1,0
F009304,15101,"Tuna, yellowfin, fillet, steamed, no added fat","Yellowfin tuna flesh, that has been steamed with no added fat.",27.8,0,1.2,0
F009306,18302,"Turkey, breast, lean flesh, baked, no added fat","Flesh from the breast portion of a turkey, with skin and fat removed. Baked with no added fat.",29.4,0,4,0
F009307,18302,"Turkey, breast, lean flesh, raw","Uncooked flesh from the breast portion of a turkey, with skin and fat removed.",21.6,0,3.3,0
F009308,18302,"Turkey, breast, lean flesh, skin & fat, baked, no added fat","Flesh, skin and fat from the breast portion of a turkey. Baked with no added fat.",27.7,0,9.2,0
F009309,18302,"Turkey, breast, lean flesh, skin & fat, raw","Uncooked flesh, skin and fat from the breast portion of a turkey.",20.4,0,8.5,0
F009319,18302,"Turkey, hindquarter, lean flesh, baked, no added fat","Flesh from the hindquarter (thigh and drumstick) portion of a turkey, with skin and fat removed. Baked with no added fat.",26.8,0,7,0
F009320,18302,"Turkey, hindquarter, lean flesh, raw","Uncooked flesh from the hindquarter (thigh and drumstick) portion of a turkey, with skin and fat removed.",18.4,0,5.3,0
F009321,18302,"Turkey, hindquarter, lean flesh, skin & fat, baked, no added fat","Flesh, skin and fat from the hindquarter (thigh and drumstick) portion of a turkey. Baked with no added fat.",25.6,0,12.9,0
F009322,18302,"Turkey, hindquarter, lean flesh, skin & fat, raw","Uncooked flesh, skin and fat from the hindquarter (thigh and drumstick) portion of a turkey.",18.6,0,12.6,0
F009335,31302,"Turmeric, dried, ground","Dried and ground rhizome of Curcuma domestica or C. longa, used as a spice.",9.7,44.4,3.2,22.7
F009339,24302,"Turnip, white, peeled, fresh, boiled, no added fat","A white fleshed tuber vegetable, with purple-flushed white skin. Peeled, chopped and boiled in unsalted water, without added fat, then drained.",1.4,3.6,0,1.8
F009340,24302,"Turnip, white, peeled, fresh, raw",A white fleshed root vegetable with purple-flushed white skin. Peeled and uncooked.,1.3,3.4,0,1.7
F009350,31401,Vanilla bean extract,"Alcoholic extract of the vanilla bean (Vanilla plantifolia or V. tahitensis), used as a flavouring agent.",0.1,12.6,0.1,0
F009351,31401,"Vanilla, artificial or imitation","Solution containing the substance vanillin, used as a flavouring agent.",0,14.4,0,0
F009359,18101,"Veal, all cuts, separable fat, cooked","Cooked internal and external separable fat from 4 different cuts from various regions of the carcase. Oven baked or grilled as purchased, still attached to the lean muscle meat, with no added fat to an internal temperature of 70 degrees celsius or until 'medium', then dissected.",20.7,0,33,0
F009360,18101,"Veal, all cuts, separable fat, raw",Raw veal fat from various regions of the carcase. Internal and external separable fat only.,19.4,0,29,0
F009369,18101,"Veal, cutlet, with bone, lean, grilled, no added fat","Cooked veal from the midsection of the carcase. Grilled for 6-10 minutes until 'medium' with no added fat. Lean muscle meat only, with all possible internal and external separable fat removed after cooking.",28.1,0,2,0
F009370,18101,"Veal, cutlet, with bone, lean, raw","Raw veal from the midsection of the carcase. Lean muscle meat only, with all possible internal and external separable fat removed.",24.6,0,1.1,0
F009373,18101,"Veal, cutlet, with bone, untrimmed, grilled, no added fat",Cooked veal from the midsection of the carcase. Grilled for 6-10 minutes until 'medium' with no added fat. Lean muscle meat with internal and external fat attached.,27.5,0,4.4,0
F009374,18101,"Veal, cutlet, with bone, untrimmed, raw",Raw veal from the midsection of the carcase. Lean muscle meat with internal and external fat attached.,24.2,0,3,0
F009379,18101,"Veal, diced, lean, raw","Raw veal, purchased diced and likely to be from various regions of the carcase. Lean muscle meat only, with all possible internal and external separable fat removed.",23.1,0,1.5,0
F009380,18101,"Veal, diced, lean, stir-fried, no added fat","Cooked veal, purchased diced and likely to be from various regions of the carcase. Fried for 3-5 minutes with no added fat. Lean muscle meat only, with all possible internal and external separable fat removed after cooking.",31.9,0,3,0
F009381,18101,"Veal, diced, untrimmed, raw","Raw veal, purchased diced and likely to be from various regions of the carcase. Lean muscle meat with internal and external fat attached.",23,0,2,0
F009382,18101,"Veal, diced, untrimmed, stir-fried, no added fat","Cooked veal, purchased diced and likely to be from various regions of the carcase. Fried for 2-5 minutes with no added fat. Lean muscle meat with internal and external fat attached.",31.6,0,3.8,0
F009432,18101,"Veal, steak, boneless, leg, lean, grilled, no added fat","Cooked veal from the hind portion of the carcase. Grilled for 6-10 minutes until 'medium' with no added fat. Lean muscle meat only, with all possible internal and external separable fat removed after cooking.",34.4,0,1.9,0
F009433,18101,"Veal, steak, boneless, leg, lean, raw","Raw veal from the hind portion of the carcase. Lean muscle meat only, with all possible internal and external separable fat removed.",24.4,0,1.5,0
F009434,18101,"Veal, steak, boneless, leg, untrimmed, grilled, no added fat",Cooked veal from the hind portion of the carcase. Grilled for 6-10 minutes until 'medium' with no added fat. Lean muscle meat with internal and external fat attached.,34.1,0,2.6,0
F009435,18101,"Veal, steak, boneless, leg, untrimmed, raw",Raw veal from the hind portion of the carcase. Lean muscle meat with internal and external fat attached.,24.3,0,1.8,0
F009438,18101,"Veal, stir-fry strips, lean, raw","Raw veal, purchased as strips and likely to be from various regions of the carcase. Lean muscle meat only, with all possible internal and external separable fat removed.",27.2,0,2,0
F009439,18101,"Veal, stir-fry strips, lean, stir-fried, no added fat","Cooked veal, purchased as strips and likely to be from various regions of the carcase. Fried for 3-5 minutes with no added fat. Lean muscle meat only, with all possible internal and external separable fat removed after cooking.",30,0,2.8,0
F009440,18101,"Veal, stir-fry strips, untrimmed, raw","Raw veal, purchased as strips and likely to be from various regions of the carcase. Lean muscle meat with internal and external fat attached.",27.1,0,2.5,0
F009441,18101,"Veal, stir-fry strips, untrimmed, stir-fried, no added fat","Cooked veal, purchased as strips and likely to be from various regions of the carcase. Fried for 3-5 minutes with no added fat. Lean muscle meat with internal and external fat attached.",29.9,0,3.1,0
F009450,18606,"Sausages & vegetables, canned","Canned vegetable and meat product containing vegetables, broth, sausages (beef and pork), wheat flour, salt, mineral salt, spices, tomato paste, sugar, barley and water.",4,7.8,2.1,0.9
F009452,18606,"Steak & vegetables, canned","Canned vegetable and meat product containing vegetables, broth, meat, wheat flour, barley, tomato paste, thickener, salt, spices and caramel.",4.4,6.2,1.9,1.2
F009464,18202,"Venison, leg medallion, lean, baked, roasted, fried, stir-fried, grilled or BBQ'd, no added fat","Venison from the hind portion of the carcase. Baked, roasted, fried, stir-fried, grilled or BBQ'd without added fat.",28.7,0,1.9,0
F009465,18202,"Venison, leg medallion, lean, raw",Raw venison from the hind portion of the carcase.,23.5,0,1.5,0
F009466,18202,"Venison, mince, premium, baked, roasted, fried, stir-fried, grilled or BBQ'd, no added fat",Minced venison from trim and whole muscles. Cooked without added fat.,29.8,0,3.7,0
F009467,18202,"Venison, mince, premium, raw",Raw minced venison from trim and whole muscles.,21,0,2.9,0
F009491,24401,"Vine leaf, grape, canned",Leaf of the grape vine picked and preserved in salt and water. Generally used to make dolmades or dolma.,4.3,1.8,2,9.9
F009498,23305,Vinegar (except balsamic vinegar),"Sour liquid prepared by acetous fermentation, with or without alcoholic fermentation, of any suitable foodstuff, commonly used in dressings. Available types of vinegar include white, brown and malt.",0,0,0,0
F009499,23305,"Vinegar, balsamic","Sour liquid prepared by acetous fermentation. Balsamic vinegar is based on wine vinegar complemented by concentrated and cooked grape must, ageing allowing aroma to further develop. Commonly used in dressings and as a taste enhancer in various recipes",0.5,15,0,2.1
F009514,24801,"Water chestnut, peeled, canned, drained","Water chestnuts that have been canned in water, then drained.",0.6,9.3,0.9,2.7
F009516,11802,"Water, bottled, still","Still, non-carbonated water bottled prior to sale. May include spring water.",0,0,0,0
F009527,11801,"Water, tap","Water as supplied through the municipal water system. Values are approximations of those reported across Australia, and may vary according to location or time of year.",0,0,0,0
F009532,24401,"Watercress, raw","Leafy vegetable with small green round leaves that have a peppery flavour, commonly used as a salad ingredient.",2.9,0.8,0.4,3.8
F009533,22101,"Wattle seed (acacia), ground","Edible seeds of the Acacia species, which have been roasted and ground, as supplied for culinary use.",20.3,10.5,6.1,54.2
F009534,16501,"Wax jambu, raw","Pear-shaped fruit with bright to dark pink skin, white flesh and several large brown seeds. Also known as Java Apple; Rose Apple; Makopa; Wax Apple.",0.7,4.5,0.2,1.9
F009535,12101,"Wheat bran, unprocessed, uncooked","Outer layers of the wheat grain which are removed during the early stages of milling, and do not undergo further processing other than packaging. Maybe coarsely or finely milled. Uncooked.",14.8,22.6,4.1,41.8
F009536,12101,Wheat germ,Small creamy flakes milled from the core of the wheat kernel.,20.6,32.7,6.1,20.1
F009537,12101,"Wheat, whole, uncooked","Whole wheat grain including the bran, germ and endosperm.",11.2,58.3,2.4,11.4
F009557,15101,"Whiting, King George, fillet, baked, no added fat",Whiting flesh that has been cooked by any method.,28.2,0,1,0
F009560,15101,"Whiting, King George, fillet, raw",Uncooked king george whiting flesh,19.8,0,0.7,0
F009561,15101,"Whiting, King George, fillet, steamed, no added fat",King george whiting flesh that has been steamed with no added fat.,23.3,0,1.1,0
F009566,29203,"Wine, fortified, port","Sweet, alcoholic beverage prepared from fermented grape juice to which additional alcohol is added. Approximately 16% v/v alcohol.",0.2,12.4,0,0
F009567,29203,"Wine, fortified, sherry, dry style (~1% sugars)",Fermented grape juice to which additional alcohol is added and with a low sugars content (approximately 1%). Approximately 18% v/v alcohol.,0.1,1.2,0,0
F009568,29203,"Wine, fortified, sherry, sweet style (~11% sugars)",Fermented grape juice to which additional alcohol is added. Approximately 14% v/v alcohol.,0.2,11.1,0,0
F009571,29201,"Wine, red",Alcoholic beverage produced by fermentation of grape juice with prolonged grape skin contact to produce wine of a deep red colour. Approximately 12% v/v alcohol.,0.2,0.2,0,0
F009572,29201,"Wine, red, cabernet sauvignon","Alcoholic beverage produced by fermentation of grape juice from the cabernet sauvignon grape, with prolonged grape skin contact to produce wine of a deep red colour. Includes wine produced in Australia. Approximately 12% v/v alcohol.",0.3,0.2,0,0
F009573,29201,"Wine, red, cooked","Alcoholic beverage produced by fermentation of grape juice with prolonged contact with grape skins, that has been heated until the majority of alcohol has evaporated.",0.3,0.2,0,0
F009574,29201,"Wine, red, merlot","Alcoholic beverage produced by fermentation of grape juice from the merlot grape, with prolonged grape skin contact to produce wine of a deep red colour. Includes wine produced in Australia and New Zealand. Approximately 12% v/v alcohol.",0.3,0.4,0,0
F009575,29201,"Wine, red, pinot noir","Alcoholic beverage produced by fermentation of grape juice from the pinot noir grape, with prolonged grape skin contact to produce wine of a deep red colour. Includes wine produced in Australia and New Zealand. Approximately 12% v/v alcohol.",0.2,0.2,0,0
F009577,29201,"Wine, red, shiraz","Alcoholic beverage produced by fermentation of grape juice from the shiraz grape, with prolonged grape skin contact to produce wine of a deep red colour. Includes wine produced in Australia only. Approximately 12% v/v alcohol.",0.2,0.2,0,0
F009578,29201,"Wine, red, sparkling","Alcoholic beverage produced by fermentation of grape juice from red wine grapes, retaining significant quantities of dissolved carbon dioxide. Approximately 13% v/v alcohol.",0.2,2,0,0
F009579,29201,"Wine, rose",Alcoholic beverage produced by fermentation of grape juice so that the wine has a pale pink colour. Includes wine produced in Australia and New Zealand. Approximately 13% v/v alcohol.,0.2,0.7,0,0
F009580,29202,"Wine, white, cooked","Alcoholic beverage produced by fermentation of grape juice with little contact with grape skins, then heated until the majority of alcohol has evaporated.",0.2,0.3,0,0
F009581,29202,"Wine, white","Alcoholic beverage produced by fermentation of grape juice, produced with little contact with grape skins so that the wine is pale yellow in colour. Approximately 12% v/v alcohol.",0.3,0.2,0,0
F009582,29202,"Wine, white, chardonnay","Alcoholic beverage produced by fermentation of grape juice produced from the chardonnay grape, with little contact with grape skins so that the wine is pale yellow in colour with little sugars remaining. Includes wine produced in Australia. Approximately 13% v/v alcohol.",0.3,0.3,0,0
F009583,29202,"Wine, white, sauvignon blanc","Alcoholic beverage produced by fermentation of grape juice from the sauvignon blanc grape, produced with little contact with grape skins so that the wine is pale yellow in colour with little sugars remaining. Includes wine produced in Australia and New Zealand. Approximately 12% v/v alcohol.",0.2,0.1,0,0
F009584,29202,"Wine, white, semillon","Alcoholic beverage produced by fermentation of grape juice from the semillon grape, produced with little contact with grape skins so that the wine is pale yellow in colour with little sugars remaining. Includes wine produced in Australia only. Approximately 12% v/v alcohol.",0.2,0.2,0,0
F009586,29202,"Wine, white, riesling","Alcoholic beverage prepared by fermentation of grape juice produced from the riesling grape, with little contact with grape skins so that the wine is pale yellow in colour with some sugars remaining. Includes wine produced in Australia. Approximately 12% v/v alcohol.",0.2,0.4,0,0
F009590,29202,"Wine, white, sparkling",Alcoholic beverage prepared by fermentation of grape juice produced with little grape skin contact so that the wine is pale yellow in colour and retains significant quantities of dissolved carbon dioxide. Includes wine described as brut or semi-brut in style produced in Australia and France. Approximately 12% v/v alcohol.,0.2,1,0,0
F009592,29202,"Wine, white, sweet dessert style","Alcoholic beverage prepared by fermentation of grape juice with little grape skin contact, so that the wine is golden in colour and retains a high level of residual sugars (approximately 10% sugars). Includes botrytised wine produced in Australia and New Zealand. Approximately 10% v/v alcohol.",0.4,14.7,0,0
F009604,24001,"Yam, wild harvested, cooked",Irregularly shaped tuber with white skin and flesh. Harvested in the wild and cooked without added fat.,3.2,20.9,0.3,3.5
F009606,31101,"Yeast, dry powder","A cream or pale grey powder with a fine, smooth texture. Active raising agent used domestically to leaven a wide range of breads, cakes and pastries.",36.4,6.3,5,26.9
F009608,19204,"Yoghurt, apricot pieces or flavoured, regular fat (~3%)","Yoghurt with apricot pieces or flavour and added sugar. Prepared by culturing regular fat cows milk, resulting in a thickened, tangy yoghurt. Formulated to have a fat content of approximately 3%.",4.2,11.1,3.2,0.1
F009694,19201,"Yoghurt, natural, regular fat (~3%)","Unflavoured (natural) yoghurt. Prepared by pasteurising and homogenising cows milk before culturing, resulting in a thickened, tangy yoghurt. Contains added milk powder. Formulated to have a fat content of approximately 4%. Does not contain fruit or flavouring.",5.1,5,3.2,0.1
F009738,20502,"Yoghurt, soy based, berry flavoured, regular fat (~3%)","Yoghurt-style sweet product based on soy milk rather than dairy milk, with added berry flavour and formulated to have a fat content of approximately 3%..",3.6,12.6,3.7,0.2
F009739,20502,"Yoghurt, soy based, vanilla flavoured, reduced fat (~1%)","Yoghurt-style sweet product based on soy milk rather than dairy milk, with added vanilla flavour and formulated to have a fat content of approximately 1%.",3.6,12.6,0.8,0.2
F009741,19204,"Yoghurt, strawberry pieces or flavoured, regular fat (~3%)","Yoghurt with strawberry pieces or flavour and added sugar. Prepared by culturing regular fat cows milk, resulting in a thickened, tangy yoghurt. Formulated to have a fat content of approximately 3%.",4.9,11.6,3.1,0.1
F009749,19204,"Yoghurt, vanilla flavoured (~2%)","Yoghurt that is sweetened and flavoured with vanilla. Prepared by culturing regular fat cows milk, resulting in a thickened, tangy yoghurt. Formulated to have a fat content of approximately 2%.",5,14.5,1.9,0.2
F009752,19205,"Yoghurt, vanilla flavoured, low fat (<0.5%)","Low fat yoghurt that is sweetened and flavoured with vanilla. Prepared by culturing low fat milk, resulting in a thickened, tangy yoghurt. Formulated to have a fat content of less than 0.5%.",5.9,13.9,0.5,0.2
F009764,24702,"Zucchini, golden, fresh, unpeeled, boiled, drained","Variety of squash which has a yellow smooth skin and a cream flesh. Unpeeled, chopped and boiled in unsalted water, without added fat, then drained.",2.6,1.3,0.4,1.2
F009766,24702,"Zucchini, golden, fresh, unpeeled, raw",Variety of squash which has a yellow smooth skin and a cream flesh. Unpeeled and uncooked.,2.2,1.1,0.3,1
F009773,24702,"Zucchini, green skin, fresh, unpeeled, boiled, drained","Variety of marrow or summer squash, picked when small. Long and cylindrical in shape with green smooth skin and a cream flesh. Unpeeled, chopped and boiled in unsalted water, without added fat, then drained.",1.2,2.6,0.2,1.2
F009774,24702,"Zucchini, green skin, fresh, unpeeled, fried, no added fat","A variety of summer squash, picked when small. Long and cylindrical in shape with green smooth skin and a cream flesh. Unpeeled, chopped and fried without added fat.",1.5,3.1,0.2,1.5
F009775,24702,"Zucchini, green skin, fresh, unpeeled, raw","Variety of zucchini, picked when small. Long and cylindrical in shape with green smooth skin and a cream flesh. Unpeeled or peeled, and uncooked.",1,2.2,0.2,1
F009788,24401,"Mixed leafy greens, pre-packaged, all types",A mixture of red and green vegetable leaves including lettuce and baby spinach. Uncooked.,2.2,0,0,2
F009789,18202,"Camel, steak, as purchased, raw","Uncooked camel meat without the removal of separable fat. Includes rump, cube roll, fillet and diced cuts.",20.8,0,4.3,0
F009790,18905,"Chicken, schnitzel, baked without fat","Chicken meat with a breadcrumb or crumb coating, baked without the addition of fat. Most products are made with chicken breast meat. Includes all foods sold as ‘chicken schnitzel’ including fresh and frozen schnitzels, formed products and products made from whole chicken fillets.",16.5,13.1,9.6,1.7
F009791,18201,"Kangaroo, steak, as purchased, raw",Uncooked flesh from rump and loin of Kangaroo.,22.5,0.4,1,0
F009792,12305,"Bun, sweet, hot cross bun, with dried fruit","Commercially prepared sweet bun made from yeasted wheat flour, containing added dried fruit, with sugar glaze on the top. May contain candied citrus peel. Contains added folic acid, iodised salt and thiamin.",7.2,50.2,3.2,4.1
F009793,33101,"Crocodile, steak, as purchased, raw",Raw muscle meat from a crocodile. Cuts are typically from the tail or loin.,20.6,0,1.5,0
F009794,22203,"Water, coconut, commercial",The liquid portion from the inside of a mature coconut which may be filtered or pasteurised and packaged prior to sale.,0.2,3.2,0,0
F009795,11103,"Kombucha, flavoured, added juice or intense sweeteners",Beverage prepared by the fermentation of green or black tea with a combination of yeast and bacteria. Contains intense sweeteners and added flavours such as fruit juice. Ready to drink.,0,0.9,0,0.1
F009796,11202,"Coffee, flat white/latte/cappuccino, from ground coffee beans, with regular fat cow's milk",Beverage prepared from a serve of espresso style coffee to which a large amount of heated and aerated regular fat cows milk is added. Does not contain added flavour or sugar.,2.8,3.4,2.6,0
F009797,20502,"Yoghurt, almond based, flavoured","Non-dairy yoghurt that is based on almond milk, with added fruit flavours.",2.6,9.2,4.5,1.8
F009798,20502,"Yoghurt, coconut based, flavoured","Non-dairy yoghurt that is based on coconut milk, with added flavours such as fruit and vanilla.",1.1,9.2,9,1.3
F009799,20602,"Meat alternative, mycoprotein/fungus base, commercial, as purchased","Meat alternative products made from a fungus base (mycoprotein) formed as pieces, fillets, strips and/or mince. Also contain flavours, and/or seasoning.",13.8,2.5,4.1,5.6
F009800,24802,"Onion, mature, red skinned, raw",A bulb with thin outer layers of red skin and layers of white or pink flesh tightly wrapped together. Edible portion includes flesh only. Uncooked.,0.8,5.5,0,1.8
F009801,28303,"Bar, snack, with >55% nuts","Snack bar composed of greater than 55% nuts. Remaining ingredients may include syrups, puffed cereals, and/or seeds. Does not contain added dried fruit.",18.8,31,34.6,6.8
F009802,28303,"Bar, snack, with >35% nuts, added protein","Snack bar with approx. 45% nuts, with added soy protein. Remaining ingredients may include syrups, puffed cereals, and/or seeds. Does not contain added dried fruit.",25,30,31.9,4.8
F009803,28301,"Bar, snack, oat based, baked","Snack bar made from oats, butter, sugar, and/or honey.",8,44.8,26.7,5.7
F009804,28302,"Snack ball, date based","Commercially prepared product made from blended dates as the major ingredient, with nuts and/or dried fruit, and other additions formed into a ball.",8.8,45,11.7,9.9
F009805,18302,"Duck, breast, lean flesh, raw","Uncooked duck breast meat with tendons, skin and fat removed",21.2,0,0.6,0
F009806,18301,"Chicken, thigh, lean flesh, fried, no added fat","Flesh from the thigh portion of a chicken, with skin and fat removed. Fried with no added fat.",27.6,0,5.2,0
F009807,12511,"Muesli, granola, toasted, added nuts & seeds, unfortified","Breakfast cereal made from rolled oats and/or other grains, with other ingredients such as nuts, coconut and seeds, and then toasted with the addition of vegetable oil. Does not contain fruit or added vitamins or minerals.",11.2,52.3,17.6,7.6
F009808,12511,"Muesli, granola, non-oat based, toasted, added nuts & seeds, unfortified","Breakfast cereal made from grains other than oats, with other ingredients such as nuts, coconut and seeds, and then toasted with the addition of vegetable oil. Does not contain fruit or added vitamins or minerals.",11.9,53.5,18.8,6.6
F009809,19208,"Yoghurt, flavoured, low fat (0.2%), intense sweetened, increased protein","Low fat yoghurt that is intense-sweetened. Prepared by culturing low fat milk, resulting in a thickened, tangy yoghurt. Formulated to have a fat content of <0.5%, and to be higher in protein than regular yoghurt.",9.6,2.3,0.3,0.4
F009810,19204,"Yoghurt, flavoured, low fat (~2%)","Yoghurt that is sweetened and flavoured. Prepared by culturing regular fat cows milk, resulting in a thickened, tangy yoghurt. May contain fruit pieces or puree. Formulated to have a fat content of approximately 2%.",4.6,12.2,1.3,0.3
F009811,19203,"Yoghurt, flavoured, high fat (~5%)","Yoghurt that is sweetened and flavoured. Prepared by culturing cows milk and cream, resulting in a thickened, tangy yoghurt. May contain fruit pieces or puree. Formulated to have a fat content of greater than 5%.",4.4,12.9,4.9,0.6
F009812,20105,"Coconut beverage, unfortified","Coconut beverage, commonly used as a milk alternative. Major ingredients include water and 8-20% coconut milk or cream. Unfortified.",0.2,2.4,1.7,0
F009813,20106,"Coconut beverage, added Ca","Coconut beverage, commonly used as a milk alternative. Major ingredients include water and 8-20% coconut milk or cream. Contains added calcium but not added sugar.",0.2,2.4,1.7,0
F009814,20603,"Meat alternative, legume and/or vegetable base, as purchased","Meat alternative products made from chopped, minced, or blended vegetables and/or legumes and other ingredients such as spices, sugar and salt. Formed into burgers/patties.",7.5,21.3,5.9,5.5
F009815,18201,"Kangaroo, steak, as purchased, fried, no added fat",Cooked flesh from the rump and loin portions of the kangaroo. Fried with no added fat.,34.6,0.6,1.5,0
F009816,20603,"Meat alternative, legume and/or vegetable base, cooked","Meat alternative products made from chopped, minced, or blended vegetables and/or legumes and other ingredients such as spices, sugar and salt. Formed into burgers/patties. Cooked after purchase.",9.2,26.3,7.3,6.8
F009817,33101,"Crocodile, steak, as purchased, fried, no added fat",Cooked meat from the tail and loin cut of a crocodile. Fried with no added fat.,34.4,0,2.5,0
F009818,30104,"Protein powder, whey based, protein >70%, unfortified, prepared with water",Beverage prepared by mixing whey based protein powder with water.,14.2,0.3,0.4,0.3
F009819,18302,"Duck, breast, lean, fried, no added fat","Duck breast meat with tendons, skin and fat removed. Fried without the addition of fat.",28,0,0.8,0
F009820,24802,"Onion, mature, red skinned, peeled, fried, no added fat",A bulb with thin outer layers of red skin and layers of white or pink flesh tightly wrapped together. Peeled and fried without added fat.,1.2,8.9,0,2.8
F009821,20602,"Meat alternative, mycoprotein/fungus base, cooked","Meat alternative products made from a fungus base (mycoprotein) formed as pieces, fillets, strips and/or mince. Also contain flavours, and/or seasoning. Cooked after purchase.",18.8,3.4,5.6,7.7
F009822,20602,"Meat alternative, protein (soy/wheat/pea) base, as purchased","Meat alternative products commonly based on soy, wheat and/or pea protein. Formed into various shapes including strips, mince and patties.",19.4,3.2,13.4,4.4
F009823,20602,"Meat alternative, protein (soy/wheat/pea) base, cooked","Meat alternative products commonly based on soy, wheat and/or pea protein. Formed into various shapes including strips, mince and patties. Cooked without added fat after purchase.",23.9,4,16.5,5.4
F009824,20105,"Almond beverage, no added sugar, unfortified","A dairy milk substitute made from water, almonds, sunflower oil and salt. Does not contain added sugar or calcium.",0.5,0,1.4,0.5
F009825,20105,"Almond beverage, added sugar, unfortified","A dairy milk substitute made from water, almonds, sweetened with sugar or rice syrup.",0.5,3,1.4,0.6
F009826,20106,"Almond beverage, no added sugar, added Ca","A dairy milk substitute made from water, almonds and salt. Does not contain added sugar but does contain added calcium.",0.5,0,1.4,0.5
F009827,20106,"Almond beverage, added sugar & Ca","A dairy milk substitute made from water, almonds, sunflower oil and salt. Product is sweetened with added sugar or syrup, and contains added calcium.",0.5,3,1.4,0.6
F009828,20106,"Almond beverage, added sugar & vitamins B1, B2, B12, C & Ca","A dairy milk substitute made from water, almonds, sweetened with sugar. Contains added sugar and vitamins B1, B2, B12 and calcium.",0.5,3,1.4,0.6
F009829,18202,"Camel, steak, as purchased, fried, no added fat","Cooked camel steak as purchased, without the removal of separable fat, fried without added fat. Includes rump, cube roll, fillet and diced cuts.",32,0,6.7,0
F009830,13508,"Pasta in cream based sauce, prepared from dry mix","Pasta dish prepared from a commercial dry mix by the addition of reduced fat milk, water and margarine spread, according to package instructions.",5.6,23.6,2.6,1.1
F009831,18301,"Chicken, mince, fried, no added fat",Chicken mince likely to be from the breast and thigh portion of a chicken. Fried with no added fat.,28.1,0,1.4,0
F009832,13205,"Biscuit, savoury, seed based","Savoury biscuit based predominately on seeds (e.g. linseed, pumpkin seed, poppy seed, sesame seed) with added salt.",20.1,6,49.6,14.6
F009833,13203,"Biscuit, savoury, rice cracker, added vegetable powder","Commercially prepared savoury biscuit made predominantly from rice, containing vegetable powders and added flavourings.",6.6,73.8,7.4,2
F009834,13104,"Biscuit, sweet, cream filled, commercial","Commercially prepared sweet biscuit, sandwiched with various sweetened flavoured creamy filling.",5.4,62.8,21.5,2.7
F009835,12403,"Pasta, legume based, boiled, no added salt","The dough is made by combining legume flour (pea, chickpea, soy bean, bean, and/or lentil) with water. Cooked in boiling water without added salt or fat until firm to the bite. Drained.",14.4,16.1,1.7,6.2
F009836,26102,"Vegetable crisps or chips, sweet potato & taro, flavoured","Snack product made from sweet potato (purple, orange, or yellow), or sweet potato and taro deep fried in vegetable oil and flavoured. Ajitas Vege Chips are an example of this style of product.",3,47.7,31.1,6.3
F009837,28101,"Chocolate, dark, no added sugar","Dark chocolate that contains between 35 and 75% cocoa solids so that it is dark in colour and slightly bitter in flavour. No added sugar. Products are sweetened with erythritol, maltitol, or xylitol.",6.9,32.1,38.3,9.9
F009839,13102,"Biscuit, sweet, breakfast style, with or without dried fruit","A cereal based snack-style biscuit. Major ingredients vary between brands and varieties but tend to be mostly wheat and oat based, and may include fruit pieces, honey, nuts and compound chocolate.",7.5,64.6,15.6,6.4
F009854,12303,"Bread, flat wrap or tortilla, corn, commercial","Single layered flat bread made from corn flour and water. May contain wheat flour and added folic acid, iodised salt and thiamin.",4.8,44.8,3.2,5
F009855,14401,"Oil, hemp","Edible oil extracted from the ripened fruits (seeds) of the hemp plant (Cannabis sativa). Refined or unrefined, cold pressed.",0,0,99.9,0
F009860,12103,"Teff, uncooked",A very small grass seed which is white to a deep reddish brown in colour. Typically ground and used to make traditional flat bread such as injera. Uncooked.,13.3,38.4,2.4,8
F009880,16201,"Currant, fresh","Small, round tart berries that can be black or red in colour.",1.4,7.6,0.3,4.3
F009881,16201,"Mixed berry, frozen","Mixed berries commonly containing strawberries, blueberries, blackberries and raspberries, purchased frozen.",0.6,9.6,0.1,3.3
F009882,16401,"Nectarine, white, unpeeled, raw",Small stone fruit with a reddish/orange skin and white flesh.,0.8,6.7,0,2.8
F009883,16403,"Cherry, pitted, frozen","Small, deep reddish-purple stone fruit, purchased frozen with the stone/pit removed.",1.1,17.4,0,1.4
F009884,16502,"Banana, frozen","Long cylindrical fruit with thick yellow skin and cream-coloured flesh. Peeled, sliced and purchased frozen.",1.4,20.5,0.2,2.3
F009885,16502,"Pineapple, peeled, frozen","Oval fruit with a thick greenish skin and yellow flesh. Leaves, skin, bracts and core removed. Purchased chopped and frozen.",0.5,8.8,0,1.3
F009886,16502,"Lychee, peeled, frozen",Small round to oval shaped fruit with a scaly reddish to reddish-brown skin and off-white flesh. Peeled and purchased frozen.,0.9,17.3,0,1.3
F009887,16502,"Mango, peeled, frozen","Tropical fruit with a smooth reddish to orange skin and orange flesh. Peeled, chopped and purchased frozen.",0.4,12.9,0,1.3
F009888,16502,"Passionfruit, pulp, frozen","Pulp and seeds of purple skinned passionfruit, purchased frozen.",2.9,7.1,1.5,11.2
F009904,12201,"Bread, damper, homemade, toasted","Round, chemically leavened bread with a thick rough crust and soft inner crumb. Homemade from basic ingredients such as white wheat flour, salt, water or milk and sugar. Cooked by toasting after baking.",8.8,50.5,6.5,3.9
F009919,19201,"Yoghurt, natural, sheep's milk","Sheep's milk yoghurt. Prepared by pasteurising and homogenising sheep's milk before culturing, resulting in a thickened, tangy yoghurt.",5.9,2.2,6.5,0
F009927,11501,"Cordial, fruit juice/flavours, recommended dilution",Non-alcoholic beverage prepared by mixing 1 part of a concentrated sugar syrup containing fruit juice or flavour with 6 parts of water.,0,6.5,0,0
F009928,11504,"Cordial base, fruit juice/flavours, intense sweetened or diet","Concentrated syrup containing fruit juice or fruit flavour and intense sweeteners (acesulphame potassium, cyclamate, sucralose).",0,7.1,0,0
F009931,11502,"Cordial, fruit juice/flavours, intense sweetened or diet, recommended dilution","Non-alcoholic beverage prepared by mixing 1 part of a concentrated fruit juice/flavouring based syrup, sweetened with intense sweeteners (acesulphame potassium, cyclamate, sucralose) rather than sugar, with 9 parts of water.",0,0.7,0,0
F009937,27102,"Syrup, rice malt",Sweet syrup derived by steeping rice starch in enzymes to break down the starches and produce a liquid which is reduced of excess water until a syrup consistency is reached.,0.3,82.6,0,0
F009949,27102,"Syrup, malt",Sweet syrup derived from sprouted barley.,6.2,75,0,0
F009956,27102,Treacle or molasses,"An viscous syrup made during the refining of sugar, often used as a sweetener.",0.6,69.2,0,0.4
F009977,22101,"Seed, hemp, dried",Small brown seeds derived from the Cannibas sativa plant.,29.8,2.5,50.6,4.2
F009980,20103,"Rice beverage, unfortified","A dairy milk substitute made from filtered water, brown rice, sunflower oil and salt. Does not contain added calcium.",0.6,9,1,0
F010020,19401,"Cheese, haloumi (halloumi), reduced salt","Salty, semi-soft cheese that maintains its texture when cooked. Formulated to be lower in salt than regular haloumi.",19,1.3,25.3,0
F010071,24602,"Tomato, whole, canned in tomato juice, no added salt, undrained","Canned whole peeled tomatoes, packed in tomato juice with no added salt.",0.9,3,0,1
F010105,23104,"Sauce, tomato, reduced sugar & salt, commercial","Commercially prepared sauce with a thick consistency formulated to have less added sugar and salt than regular commercial tomato sauce. Contains tomatoes, sugar, salt, food acid and spices.",1.3,11.3,0,1.3
F010173,13403,"Pastry, danish, sweet, all types","Commercially prepared, or home made puff-style flaky pastry folded around fruit, nut and custard fillings.",7.5,35.6,15,3.7
F010259,24705,"Capsicum, yellow, fresh, raw","A shiny yellow vegetable with crisp, moist flesh. Hollow with a seeded core. Uncooked.",1.1,4.3,0.4,1.5
F010307,11302,"Juice, vegetable blend, commercial","Commercial beverage prepared from tomato, carrot, sweet potato, celery, beetroot and other vegetable juices. Contains added salt, but no added sugar.",0.9,2.7,0,0.6
F010328,22102,"Flour, hemp","Flour prepared from dried, ground hemp seeds.",22.3,2.7,11.1,49.4
F010381,18303,"Pigeon (squab), meat, cooked","Cooked meat from whole pigeon carcase, offal and bone removed.",22.3,0,35.2,0
F010407,12305,"Bread, brioche","Rich bread, bun or roll made from yeasted wheat flour, eggs, and butter or other fat. May contain added folic acid and iodised salt.",9.5,46.5,10.6,2.4
F010439,24403,"Sage, fresh, raw",A herb with a woody stem and fragrant greyish leaves.,3.3,0.6,5.9,14.1
F010451,24403,"Marjoram, fresh, raw",Fresh leaves of origanum majorana which have a sweet pine and citrus flavour.,3.3,0.6,5.9,14.1
F010452,24403,"Oregano, fresh, raw",A woody herb with fragrant needle-like green leaves on small stalks. Uncooked.,3.3,0.6,5.9,14.1
F010466,24403,"Thyme, fresh, raw",An aromatic herb with small green leaves which grow in clusters on thin stems.,5.6,1.1,1.7,14
F010472,20602,"Meat alternative, protein (soy/wheat/pea) base, added vitamins & minerals, as purchased","Meat alternative products commonly based on soy, wheat and/or pea protein. Formed into various shapes including strips, mince and patties.",19.4,3.2,13.4,4.4
F010550,20602,"Meat alternative, mycoprotein/fungus base, schnitzels/fish alternative/patty/sausages, as purchased","Meat alternative products made from a fungus base (mycoprotein) mixed with flour, and/or other vegetable proteins and breadcrumbs to form schnitzel, crumbed fish alternative, patty and sausage products. Also contain flavours, and/or seasoning.",12.3,16,8.7,4.2
F010574,20301,"Cheese, hard, dairy alternative","Commercially produced dairy cheese alternative with a firm texture and cheese like appearance. Products consist of water, vegetable oils, starch, salt, natural flavours and colourings, and may contain added calcium.",0.9,19.1,23.3,2.6
F010642,30105,"Protein powder, hemp seed based","Commercially prepared protein powder from the hulled hempseed after the oil has been extracted, milled into powder and much of fibre removed by sieving to get concentrated protein. Product of New Zealand and imported.",35.8,4.4,13.5,27.8
F010772,28401,"Lolly, with fruit juice","Soft, jelly confectionery products made with fruit juice.",2.2,82.2,0,0
F010942,24302,"Sweet potato, orange flesh, unpeeled, raw","A long, large tuberous vegetable, with red skin and orange flesh. Unpeeled and uncooked.",1.4,13.2,0.2,2.7
F010943,24302,"Sweet potato, purple flesh, peeled, raw","A long, large tuberous vegetable, with purple skin and flesh. Peeled and uncooked.",1.4,25.5,0.2,2.7
F010944,18706,"Meatball or rissole, beef mince, commercial, raw","Raw commercial meatball or rissole containing minced meat, onion, salt, sugar and spices.",15.5,2,16.3,1
F010956,28301,"Bar, muesli, plain or with dried fruit, yoghurt-coated","Snack style product whose major ingredients include rolled oats, dried fruits, sugars, vegetable oils. The bar is covered or topped with a yoghurt-based coating.",6.6,59.5,14,6.4
F010958,13201,"Biscuit, savoury, from white wheat flour, flavoured (excluding cheese)","Commercially prepared savoury small biscuit made from white wheat flour, with added fat and flavourings other than cheese.",9.6,59.7,24.5,2
F010968,14402,"Oil, avocado",Edible oil extracted from the pulp of avocados (Persea americana).,0,0,100,0
F010994,24705,"Avocado, shepard, raw","Almost pear shaped fruiting vegetable, with a smooth, shiny, glossy-green skin and firm yellow flesh with a green outer hue. Uncooked.",1.6,2.2,14.6,4.3
F010995,24705,"Cucumber, Lebanese, peeled, raw",Long and cylindrical fruiting vegetable with dark green skin and white flesh with a crisp texture. Peeled and uncooked.,0.7,1.9,0,0.7
F010998,24701,"Pumpkin, kent/jap, peeled, fresh, boiled, drained, no added fat","Usually round in shape with a hard ribbed green-grey skin with yellow to orange strips and speckles, and orange flesh. Peeled, deseeded and boiled without added fat or oil.",1,4.5,0.3,1.9
F010999,24302,"Sweet potato, purple flesh, peeled, baked, no added fat","A long, large tuberous vegetable, with purple skin and flesh. Peeled and baked with no added fat.",1.8,31.1,0.2,3.3
F011000,16502,"Papaya, yellow, peeled, raw",An oblong orange/green skinned fruit with yellow flesh and black seeds.,0.5,6.4,0,1.9
F011001,16502,"Papaya, red, peeled, raw",An oblong orange/green skinned fruit with red flesh and black seeds.,0.5,11.8,0,2.2
F011002,16303,"Grapefruit, pink flesh, peeled, raw","Large, slightly tart citrus fruit. The rind is light yellow often with a pink tinge, and pink flesh.",0.8,7.7,0,1.4
F011003,24201,"Brussels sprout, fresh, baked, no added fat","Layers of small green leaves with white stems wrapped around a white base. Baked, roasted, stir-fried, fried, grilled or BBQ'd, with no added oil or fat.",4.2,4.6,0.4,5.1
F011004,24701,"Pumpkin, kent/jap, peeled, fresh, raw","Usually round in shape with a hard ribbed green-grey skin with yellow to orange strips and speckles, and orange flesh. Peeled, deseeded and uncooked.",1,4.3,0.3,1.8
F011005,24701,"Pumpkin, kent/jap, peeled, fresh, baked, no added fat","Usually round in shape with a hard ribbed green-grey skin with yellow to orange strips and speckles, and orange flesh. Peeled, deseeded and then baked without added fat or oil",1.2,5,0.4,2.1
F011006,20104,"Oat beverage, fluid, added calcium & vitamins","A dairy milk substitute made from filtered water, oats, sunflower oil and salt, without added vitamins and minerals.",0.5,5.9,1.6,0.5
